Global_Idx,Block,Local_Idx,Speaker,Pulse_Samp,Pulse_Time,EstimatedTimeOut,MCS_Time,est_frame_time,closest_frame
1,0,1,7,78362,1.776916,3.573916,44.43395,36.86895,922
2,0,2,44,101818,2.308798,4.105798,44.96585,37.40085,935
3,0,3,43,131573,2.983515,4.780515,45.64055,38.07555,952
4,0,4,40,153575,3.482426,5.279426,46.1395,38.5745,964
5,0,5,43,178242,4.041769,5.838769,46.6988,39.1338,978
6,0,6,43,200485,4.546145,6.343145,47.2032,39.6382,991
7,0,7,9,221760,5.028571,6.825571,47.68565,40.12065,1003
8,0,8,8,240127,5.445057,7.242057,48.195,40.63,1016
9,0,9,40,271094,6.147256,7.944256,48.8972,41.3322,1033
10,0,10,40,310784,7.047256,8.844256,49.7972,42.2322,1056
11,0,11,43,344658,7.815374,9.612374,50.5653,43.0003,1075
12,0,12,21,378775,8.589002,10.386002,51.33895,43.77395,1094
13,0,13,43,401988,9.115374,10.912374,51.8653,44.3003,1108
14,0,14,7,436590,9.9,11.697,52.64995,45.08495,1127
15,0,15,44,474584,10.761542,12.558542,53.5115,45.9465,1149
16,0,16,29,501189,11.36483,13.16183,54.20765,46.64265,1166
17,0,17,22,529491,12.006599,13.803599,54.84945,47.28445,1182
18,0,18,30,548342,12.434059,14.231059,55.2769,47.7119,1193
19,0,19,21,571313,12.954943,14.751943,55.7978,48.2328,1206
20,0,20,22,610034,13.832971,15.629971,56.7687,49.2037,1230
21,0,21,10,634943,14.3978,16.1948,57.3335,49.7685,1244
22,0,22,7,672210,15.242857,17.039857,58.1786,50.6136,1265
23,0,23,9,693000,15.714286,17.511286,58.7429,51.1779,1279
24,0,24,21,721544,16.361542,18.158542,59.39015,51.82515,1296
25,0,25,43,752995,17.074717,18.871717,60.10335,52.53835,1313
26,0,26,22,771120,17.485714,19.282714,60.51435,52.94935,1324
27,0,27,30,796514,18.061542,19.858542,61.09015,53.52515,1338
28,0,28,8,817062,18.527483,20.324483,61.5561,53.9911,1350
29,0,29,10,852148,19.323084,21.120084,62.3517,54.7867,1370
30,0,30,22,889657,20.173628,21.970628,63.20225,55.63725,1391
31,0,31,39,921835,20.903288,22.700288,63.9319,56.3669,1409
32,0,32,39,949652,21.534059,23.331059,64.5627,56.9977,1425
33,0,33,8,983285,22.296712,24.093712,65.32535,57.76035,1444
34,0,34,8,1012313,22.954943,24.751943,65.9836,58.4186,1460
35,0,35,30,1051761,23.849456,25.646456,66.971,59.406,1485
36,0,36,29,1082970,24.557143,26.354143,67.67865,60.11365,1503
37,0,37,9,1105698,25.072517,26.869517,68.19405,60.62905,1516
38,0,38,9,1141269,25.879116,27.676116,69.00065,61.43565,1536
39,0,39,7,1160848,26.323084,28.120084,69.4446,61.8796,1547
40,0,40,21,1179942,26.756054,28.553054,69.8776,62.3126,1558
41,0,41,39,1212605,27.496712,29.293712,70.61825,63.05325,1576
42,0,42,29,1245025,28.231859,30.028859,71.3534,63.7884,1595
43,0,43,40,1266785,28.725283,30.522283,71.8468,64.2818,1607
44,0,44,39,1302113,29.526372,31.323372,72.6479,65.0829,1627
45,0,45,39,1332595,30.217574,32.014574,73.3391,65.7741,1644
46,0,46,9,1362108,30.886803,32.683803,74.00835,66.44335,1661
47,0,47,10,1391379,31.550544,33.347544,74.6721,67.1071,1678
48,0,48,40,1409019,31.950544,33.747544,75.0721,67.5071,1688
49,0,49,39,1431505,32.460431,34.257431,75.582,68.017,1700
50,0,50,39,1462230,33.157143,34.954143,76.2787,68.7137,1718
51,0,51,10,1499012,33.991202,35.788202,77.11275,69.54775,1739
52,0,52,7,1526345,34.610998,36.407998,77.73255,70.16755,1754
53,0,53,21,1558281,35.33517,37.13217,78.4567,70.8917,1772
54,0,54,10,1579313,35.812086,37.609086,78.93365,71.36865,1784
55,0,55,22,1603011,36.349456,38.146456,79.471,71.906,1798
56,0,56,29,1630101,36.963741,38.760741,80.0853,72.5203,1813
57,0,57,10,1661795,37.682426,39.479426,80.804,73.239,1831
58,0,58,7,1694942,38.434059,40.231059,81.5556,73.9906,1850
59,0,59,44,1729786,39.224172,41.021172,82.34575,74.78075,1870
60,0,60,22,1749849,39.679116,41.476116,82.8007,75.2357,1881
61,0,61,43,1788812,40.56263,42.35963,83.7771,76.2121,1905
62,0,62,9,1814448,41.143946,42.940946,84.3584,76.7934,1920
63,0,63,44,1844688,41.82966,43.62666,85.0441,77.4791,1937
64,0,64,8,1866205,42.317574,44.114574,85.532,77.967,1949
65,0,65,29,1894265,42.953855,44.750855,86.1683,78.6033,1965
66,0,66,29,1930562,43.776916,45.573916,86.9914,79.4264,1986
67,0,67,8,1949172,44.198912,45.995912,87.4134,79.8484,1996
68,0,68,29,1975535,44.796712,46.593712,88.0112,80.4462,2011
69,0,69,44,2002382,45.405488,47.202488,88.61995,81.05495,2026
70,0,70,30,2020265,45.810998,47.607998,89.02545,81.46045,2037
71,0,71,21,2040570,46.271429,48.068429,89.4859,81.9209,2048
72,0,72,22,2064510,46.814286,48.611286,90.02875,82.46375,2062
73,0,73,7,2088692,47.36263,49.15963,90.5771,83.0121,2075
74,0,74,30,2125232,48.191202,49.988202,91.4057,83.8407,2096
75,0,75,30,2163711,49.063741,50.860741,92.2782,84.7132,2118
76,0,76,10,2188135,49.617574,51.414574,92.83205,85.26705,2132
77,0,77,44,2218133,50.2978,52.0948,93.5123,85.9473,2149
78,0,78,8,2254188,51.115374,52.912374,94.32985,86.76485,2169
79,0,79,9,2287094,51.861542,53.658542,95.076,87.511,2188
80,0,80,30,2322907,52.673628,54.470628,95.8881,88.3231,2208
81,0,81,40,2357266,53.452744,55.249744,96.66725,89.10225,2228
82,0,82,44,2395502,54.319773,56.116773,97.53425,89.96925,2249
83,1,1,30,64842,1.47034,65.02034,105.7998,98.2348,2456
84,1,2,30,102108,2.315374,65.865374,106.6448,99.0798,2477
85,1,3,22,130895,2.968141,66.518141,107.2976,99.7326,2493
86,1,4,44,159923,3.626372,67.176372,107.9558,100.3908,2510
87,1,5,44,185559,4.207687,67.757687,108.53715,100.97215,2524
88,1,6,39,212649,4.821973,68.371973,109.1514,101.5864,2540
89,1,7,39,245797,5.573628,69.123628,109.9031,102.3381,2558
90,1,8,30,279187,6.330771,69.880771,110.6602,103.0952,2577
91,1,9,43,301673,6.840658,70.390658,111.1701,103.6051,2590
92,1,10,10,321009,7.279116,70.829116,111.60855,104.04355,2601
93,1,11,9,350765,7.953855,71.503855,112.2833,104.7183,2618
94,1,12,8,373008,8.458231,72.008231,112.7877,105.2227,2631
95,1,13,44,408579,9.26483,72.81483,113.5943,106.0293,2651
96,1,14,29,430581,9.763741,73.313741,114.0932,106.5282,2663
97,1,15,8,468332,10.619773,74.169773,114.94925,107.38425,2685
98,1,16,43,504872,11.448345,74.998345,115.7778,108.2128,2705
99,1,17,22,523966,11.881315,75.431315,116.2108,108.6458,2716
100,1,18,40,550087,12.473628,76.023628,116.8031,109.2381,2731
101,1,19,40,585415,13.274717,76.824717,117.6042,110.0392,2751
102,1,20,9,615413,13.954943,77.504943,118.2844,110.7194,2768
103,1,21,7,636203,14.426372,77.976372,118.75585,111.19085,2780
104,1,22,40,675651,15.320884,78.870884,119.65035,112.08535,2802
105,1,23,39,701045,15.896712,79.446712,120.2262,112.6612,2817
106,1,24,8,739038,16.758231,80.308231,121.0877,113.5227,2838
107,1,25,43,773640,17.542857,81.092857,121.87235,114.30735,2858
108,1,26,7,803153,18.212086,81.762086,122.5416,114.9766,2874
109,1,27,29,823458,18.672517,82.222517,123.002,115.437,2886
110,1,28,7,841583,19.083515,82.633515,123.413,115.848,2896
111,1,29,10,875458,19.851655,83.401655,124.18115,116.61615,2915
112,1,30,29,898186,20.367029,83.917029,124.6965,117.1315,2928
113,1,31,43,918734,20.832971,84.382971,125.16245,117.59745,2940
114,1,32,8,937101,21.249456,84.799456,125.57895,118.01395,2950
115,1,33,10,958375,21.731859,85.281859,126.06135,118.49635,2962
116,1,34,8,981588,22.258231,85.808231,126.58775,119.02275,2976
117,1,35,29,1008921,22.878027,86.428027,127.2075,119.6425,2991
118,1,36,39,1035768,23.486803,87.036803,127.8163,120.2513,3006
119,1,37,30,1063343,24.112086,87.662086,128.4416,120.8766,3022
120,1,38,10,1101822,24.984626,88.534626,129.31415,121.74915,3044
121,1,39,40,1125277,25.516485,89.066485,129.846,122.281,3057
122,1,40,43,1162302,26.356054,89.906054,130.68555,123.12055,3078
123,1,41,9,1180911,26.778027,90.328027,131.10755,123.54255,3089
124,1,42,10,1205820,27.342857,90.892857,131.6724,124.1074,3103
125,1,43,21,1237514,28.061542,91.611542,132.39105,124.82605,3121
126,1,44,22,1272600,28.857143,92.407143,133.18665,125.62165,3141
127,1,45,21,1303325,29.553855,93.103855,133.8834,126.3184,3158
128,1,46,7,1332595,30.217574,93.767574,134.5471,126.9821,3175
129,1,47,9,1363562,30.919773,94.469773,135.2493,127.6843,3192
130,1,48,29,1394045,31.610998,95.160998,135.9405,128.3755,3209
131,1,49,21,1426465,32.346145,95.896145,136.6757,129.1107,3228
132,1,50,44,1456705,33.031859,96.581859,137.3614,129.7964,3245
133,1,51,21,1474345,33.431859,96.981859,137.7614,130.1964,3255
134,1,52,22,1511855,34.282426,97.832426,138.61195,131.04695,3276
135,1,53,22,1530706,34.709887,98.259887,139.0394,131.4744,3287
136,1,54,22,1550527,35.159342,98.709342,139.4889,131.9239,3298
137,1,55,44,1574952,35.713197,99.263197,140.04275,132.47775,3312
138,1,56,9,1601557,36.316485,99.866485,140.646,133.081,3327
139,1,57,29,1635916,37.095601,100.645601,141.42515,133.86015,3347
140,1,58,7,1674879,37.979116,101.529116,142.30865,134.74365,3369
141,1,59,40,1710692,38.791202,102.341202,143.12075,135.55575,3389
142,1,60,39,1744809,39.56483,103.11483,143.8944,136.3294,3408
143,1,61,8,1776018,40.272517,103.822517,144.6021,137.0371,3426
144,1,62,10,1799958,40.815374,104.365374,145.14495,137.57995,3439
145,1,63,30,1821718,41.308798,104.858798,145.63835,138.07335,3452
146,1,64,7,1854381,42.049456,105.599456,146.379,138.814,3470
147,1,65,8,1892617,42.916485,106.466485,147.24605,139.68105,3492
148,1,66,9,1916315,43.453855,107.003855,147.7834,140.2184,3505
149,1,67,22,1941466,44.024172,107.574172,148.35375,140.78875,3520
150,1,68,30,1962498,44.501088,108.051088,148.83065,141.26565,3532
151,1,69,40,1986681,45.049456,108.599456,149.379,141.814,3545
152,1,70,10,2019586,45.795601,109.345601,150.1252,142.5602,3564
153,1,71,21,2045949,46.393401,109.943401,150.723,143.158,3579
154,1,72,30,2066012,46.848345,110.398345,151.1779,143.6129,3590
155,1,73,21,2094556,47.495601,111.045601,151.8252,144.2602,3607
156,1,74,21,2126008,48.208798,111.758798,152.5384,144.9734,3624
157,1,75,7,2164728,49.086803,112.636803,153.4164,145.8514,3646
158,1,76,43,2192545,49.717574,113.267574,154.04715,146.48215,3662
159,1,77,44,2231751,50.606599,114.156599,154.9362,147.3712,3684
160,1,78,43,2266595,51.396712,114.946712,155.7263,148.1613,3704
161,1,79,39,2302892,52.219773,115.769773,156.54935,148.98435,3725
162,1,80,29,2327559,52.779116,116.329116,157.1087,149.5437,3739
163,1,81,44,2359738,53.508798,117.058798,157.8384,150.2734,3757
164,1,82,40,2379316,53.952744,117.502744,158.28235,150.71735,3768
165,1,83,39,2412948,54.715374,118.265374,159.045,151.48,3787
166,2,1,30,63630,1.442857,125.360857,166.14435,158.57935,3964
167,2,2,40,84420,1.914286,125.832286,166.6158,159.0508,3976
168,2,3,44,104725,2.374717,126.292717,167.0762,159.5112,3988
169,2,4,40,141265,3.203288,127.121288,167.9048,160.3398,4008
170,2,5,39,159632,3.619773,127.537773,168.3213,160.7563,4019
171,2,6,9,184057,4.173628,128.091628,168.87515,161.31015,4033
172,2,7,21,215266,4.881315,128.799315,169.5828,162.0178,4050
173,2,8,7,235087,5.330771,129.248771,170.0323,162.4673,4062
174,2,9,30,260238,5.901088,129.819088,170.6026,163.0376,4076
175,2,10,44,294113,6.669229,130.587229,171.37075,163.80575,4095
176,2,11,7,317811,7.206599,131.124599,171.9081,164.3431,4109
177,2,12,9,335935,7.617574,131.535574,172.3191,164.7541,4119
178,2,13,30,362298,8.215374,132.133374,172.9169,165.3519,4134
179,2,14,43,391327,8.873628,132.791628,173.57515,166.01015,4150
180,2,15,29,423263,9.5978,133.5158,174.2993,166.7343,4168
181,2,16,44,456411,10.349456,134.267456,175.051,167.486,4187
182,2,17,8,478897,10.859342,134.777342,175.5609,167.9959,4200
183,2,18,8,518102,11.748345,135.666345,176.4499,168.8849,4222
184,2,19,39,557792,12.648345,136.566345,177.3499,169.7849,4245
185,2,20,10,591425,13.410998,137.328998,178.11255,170.54755,4264
186,2,21,8,615365,13.953855,137.871855,178.6554,171.0904,4277
187,2,22,40,649724,14.732971,138.650971,179.4345,171.8695,4297
188,2,23,22,668575,15.160431,139.078431,179.862,172.297,4307
189,2,24,39,704873,15.983515,139.901515,180.68505,173.12005,4328
190,2,25,30,739717,16.773628,140.691628,181.4752,173.9102,4348
191,2,26,10,774318,17.558231,141.476231,182.2598,174.6948,4367
192,2,27,43,792928,17.980227,141.898227,182.6818,175.1168,4378
193,2,28,44,822441,18.649456,142.567456,183.351,175.786,4395
194,2,29,43,842504,19.104399,143.022399,183.80595,176.24095,4406
195,2,30,9,875409,19.850544,143.768544,184.5521,176.9871,4425
196,2,31,39,895957,20.316485,144.234485,185.01805,177.45305,4436
197,2,32,21,923047,20.930771,144.848771,185.63235,178.06735,4452
198,2,33,7,961283,21.7978,145.7158,186.49935,178.93435,4473
199,2,34,21,998065,22.631859,146.549859,187.3334,179.7684,4494
200,2,35,39,1024671,23.23517,147.15317,187.93675,180.37175,4509
201,2,36,22,1056365,23.953855,147.871855,188.6554,181.0904,4527
202,2,37,22,1091451,24.749456,148.667456,189.451,181.886,4547
203,2,38,7,1119268,25.380227,149.298227,190.0818,182.5168,4563
204,2,39,43,1145388,25.972517,149.890517,190.6741,183.1091,4578
205,2,40,40,1163028,26.372517,150.290517,191.0741,183.5091,4588
206,2,41,22,1202476,27.267029,151.185029,191.9686,184.4036,4610
207,2,42,44,1233201,27.963741,151.881741,192.6653,185.1003,4628
208,2,43,29,1264652,28.676916,152.594916,193.3785,185.8135,4645
209,2,44,10,1294892,29.36263,153.28063,194.0642,186.4992,4662
210,2,45,8,1321740,29.971429,153.889429,194.673,187.108,4678
211,2,46,40,1344953,30.4978,154.4158,195.1994,187.6344,4691
212,2,47,7,1369135,31.046145,154.964145,195.74775,188.18275,4705
213,2,48,29,1397437,31.687914,155.605914,196.3895,188.8245,4721
214,2,49,43,1420408,32.208798,156.126798,196.9104,189.3454,4734
215,2,50,29,1458886,33.081315,156.999315,197.7829,190.2179,4755
216,2,51,30,1481130,33.585714,157.503714,198.2873,190.7223,4768
217,2,52,29,1500708,34.02966,157.94766,198.73125,191.16625,4779
218,2,53,21,1526587,34.616485,158.534485,199.3181,191.7531,4794
219,2,54,30,1562642,35.434059,159.352059,200.13565,192.57065,4814
220,2,55,10,1595305,36.174717,160.092717,200.8763,193.3113,4833
221,2,56,39,1627726,36.909887,160.827887,201.6115,194.0465,4851
222,2,57,29,1646820,37.342857,161.260857,202.04445,194.47945,4862
223,2,58,39,1680937,38.116485,162.034485,202.8181,195.2531,4881
224,2,59,10,1708996,38.752744,162.670744,203.45435,195.88935,4897
225,2,60,21,1746263,39.5978,163.5158,204.2994,196.7344,4918
226,2,61,9,1767538,40.080227,163.998227,204.78185,197.21685,4930
227,2,62,10,1797535,40.760431,164.678431,205.46205,197.89705,4947
228,2,63,22,1825110,41.385714,165.303714,206.08735,198.52235,4963
229,2,64,9,1863104,42.247256,166.165256,206.9489,199.3839,4985
230,2,65,10,1902067,43.130771,167.048771,207.8324,200.2674,5007
231,2,66,7,1931338,43.794512,167.712512,208.49615,200.93115,5023
232,2,67,9,1954793,44.326372,168.244372,209.028,201.463,5037
233,2,68,22,1975825,44.803288,168.721288,209.5049,201.9399,5048
234,2,69,29,1997342,45.291202,169.209202,209.99285,202.42785,5061
235,2,70,43,2024675,45.910998,169.828998,210.61265,203.04765,5076
236,2,71,8,2044011,46.349456,170.267456,211.0511,203.4861,5087
237,2,72,21,2069405,46.925283,170.843283,211.6269,204.0619,5102
238,2,73,44,2095041,47.506599,171.424599,212.20825,204.64325,5116
239,2,74,9,2126008,48.208798,172.126798,212.91045,205.34545,5134
240,2,75,44,2159398,48.965941,172.883941,213.6676,206.1026,5153
241,2,76,43,2189153,49.640658,173.558658,214.3423,206.7773,5169
242,2,77,8,2210912,50.134059,174.052059,214.8357,207.2707,5182
243,2,78,8,2233641,50.649456,174.567456,215.3511,207.7861,5195
244,2,79,21,2262427,51.3022,175.2202,216.00385,208.43885,5211
245,2,80,7,2290971,51.949456,175.867456,216.6511,209.0861,5227
246,2,81,30,2326542,52.756054,176.674054,217.4577,209.8927,5247
247,2,82,40,2357024,53.447256,177.365256,218.1489,210.5839,5265
248,2,83,40,2394048,54.286803,178.204803,218.98845,211.42345,5286
249,3,1,22,69203,1.569229,185.943229,226.7357,219.1707,5479
250,3,2,7,108408,2.458231,186.832231,227.6247,220.0597,5501
251,3,3,9,129198,2.92966,187.30366,228.0961,220.5311,5513
252,3,4,30,166950,3.785714,188.159714,228.9522,221.3872,5535
253,3,5,10,194040,4.4,188.774,229.56645,222.00145,5550
254,3,6,9,232761,5.278027,189.652027,230.4445,222.8795,5572
255,3,7,43,270997,6.145057,190.519057,231.3115,223.7465,5594
256,3,8,10,295906,6.709887,191.083887,231.87635,224.31135,5608
257,3,9,43,331719,7.521973,191.895973,232.68845,225.12345,5628
258,3,10,8,362444,8.218685,192.592685,233.38515,225.82015,5646
259,3,11,29,391230,8.871429,193.245429,234.0379,226.4729,5662
260,3,12,8,422924,9.590113,193.964113,234.7566,227.1916,5680
261,3,13,44,462614,10.490113,194.864113,235.6566,228.0916,5702
262,3,14,40,492127,11.159342,195.533342,236.3258,228.7608,5719
263,3,15,39,518005,11.746145,196.120145,236.9126,229.3476,5734
264,3,16,43,554545,12.574717,196.948717,237.7412,230.1762,5754
265,3,17,8,576789,13.079116,197.453116,238.2456,230.6806,5767
266,3,18,44,596610,13.528571,197.902571,238.69505,231.13005,5778
267,3,19,40,614735,13.939569,198.313569,239.10605,231.54105,5789
268,3,20,43,638432,14.476916,198.850916,239.6434,232.0784,5802
269,3,21,21,656799,14.893401,199.267401,240.0599,232.4949,5812
270,3,22,43,682920,15.485714,199.859714,240.6522,233.0872,5827
271,3,23,10,721398,16.358231,200.732231,241.5247,233.9597,5849
272,3,24,21,743400,16.857143,201.231143,242.02365,234.45865,5861
273,3,25,39,773640,17.542857,201.916857,242.70935,235.14435,5879
274,3,26,30,796126,18.052744,202.426744,243.21925,235.65425,5891
275,3,27,29,814735,18.474717,202.848717,243.6412,236.0762,5902
276,3,28,7,849337,19.259342,203.633342,244.42585,236.86085,5922
277,3,29,9,882242,20.005488,204.379488,245.172,237.607,5940
278,3,30,44,905455,20.531859,204.905859,245.69835,238.13335,5953
279,3,31,29,937634,21.261542,205.635542,246.42805,238.86305,5972
280,3,32,21,958908,21.743946,206.117946,246.91045,239.34545,5984
281,3,33,22,983091,22.292313,206.666313,247.4588,239.8938,5997
282,3,34,39,1004123,22.769229,207.143229,247.93575,240.37075,6009
283,3,35,10,1030486,23.367029,207.741029,248.53355,240.96855,6024
284,3,36,44,1054911,23.920884,208.294884,249.0874,241.5224,6038
285,3,37,29,1072793,24.326372,208.700372,249.4929,241.9279,6048
286,3,38,9,1094552,24.819773,209.193773,249.9863,242.4213,6061
287,3,39,30,1113888,25.258231,209.632231,250.42475,242.85975,6071
288,3,40,8,1146552,25.998912,210.372912,251.16545,243.60045,6090
289,3,41,10,1178972,26.734059,211.108059,251.9006,244.3356,6108
290,3,42,9,1215270,27.557143,211.931143,252.7237,245.1587,6129
291,3,43,22,1243087,28.187914,212.561914,253.35445,245.78945,6145
292,3,44,30,1274054,28.890113,213.264113,254.05665,246.49165,6162
293,3,45,9,1311563,29.740658,214.114658,254.9072,247.3422,6184
294,3,46,30,1339865,30.382426,214.756426,255.54895,247.98395,6200
295,3,47,21,1361382,30.87034,215.24434,256.0369,248.4719,6212
296,3,48,40,1384352,31.391202,215.765202,256.55775,248.99275,6225
297,3,49,22,1414350,32.071429,216.445429,257.238,249.673,6242
298,3,50,10,1452344,32.932971,217.306971,258.0995,250.5345,6263
299,3,51,8,1479918,33.558231,217.932231,258.7248,251.1598,6279
300,3,52,29,1507978,34.194512,218.568512,259.36105,251.79605,6295
301,3,53,39,1541125,34.946145,219.320145,260.1127,252.5477,6314
302,3,54,40,1566277,35.516485,219.890485,260.68305,253.11805,6328
303,3,55,21,1590944,36.075828,220.449828,261.2424,253.6774,6342
304,3,56,44,1608584,36.475828,220.849828,261.6424,254.0774,6352
305,3,57,29,1640520,37.2,221.574,262.36655,254.80155,6370
306,3,58,22,1659614,37.632971,222.006971,262.79955,255.23455,6381
307,3,59,21,1686946,38.252744,222.626744,263.4193,255.8543,6396
308,3,60,8,1706525,38.696712,223.070712,263.8633,256.2983,6407
309,3,61,7,1741368,39.486803,223.860803,264.6534,257.0884,6427
310,3,62,10,1767005,40.068141,224.442141,265.2347,257.6697,6442
311,3,63,22,1796760,40.742857,225.116857,265.9094,258.3444,6459
312,3,64,21,1816823,41.1978,225.5718,266.3644,258.7994,6470
313,3,65,39,1854090,42.042857,226.416857,267.20945,259.64445,6491
314,3,66,40,1890872,42.876916,227.250916,268.0435,260.4785,6512
315,3,67,40,1930320,43.771429,228.145429,268.938,261.373,6534
316,3,68,30,1950625,44.231859,228.605859,269.39845,261.83345,6546
317,3,69,22,1969477,44.659342,229.033342,269.8259,262.2609,6557
318,3,70,7,2000686,45.367029,229.741029,270.5336,262.9686,6574
319,3,71,7,2026080,45.942857,230.316857,271.10945,263.54445,6589
320,3,72,30,2060439,46.721973,231.095973,271.88855,264.32355,6608
321,3,73,44,2094556,47.495601,231.869601,272.6622,265.0972,6627
322,3,74,7,2133519,48.379116,232.753116,273.5457,265.9807,6650
323,3,75,9,2160125,48.982426,233.356426,274.149,266.584,6665
324,3,76,43,2193757,49.745057,234.119057,274.91165,267.34665,6684
325,3,77,40,2227147,50.5022,234.8762,275.6688,268.1038,6703
326,3,78,39,2253995,51.110998,235.484998,276.2776,268.7126,6718
327,3,79,29,2282538,51.758231,236.132231,276.92485,269.35985,6734
328,3,80,8,2306478,52.301088,236.675088,277.4677,269.9027,6748
329,3,81,39,2335749,52.96483,237.33883,278.13145,270.56645,6764
330,3,82,43,2367201,53.678027,238.052027,278.84465,271.27965,6782
331,3,83,7,2403256,54.495601,238.869601,279.6622,272.0972,6802
332,4,1,21,59268,1.343946,246.101946,286.88245,279.31745,6983
333,4,2,44,78847,1.787914,246.545914,287.32645,279.76145,6994
334,4,3,39,107633,2.440658,247.198658,287.9792,280.4142,7010
335,4,4,40,139085,3.153855,247.911855,288.6924,281.1274,7028
336,4,5,10,176836,4.009887,248.767887,289.5484,281.9834,7050
337,4,6,44,200776,4.552744,249.310744,290.0913,282.5263,7063
338,4,7,29,235378,5.33737,250.09537,290.8759,283.3109,7083
339,4,8,8,253987,5.759342,250.517342,291.2979,283.7329,7093
340,4,9,43,292465,6.631859,251.389859,292.1704,284.6054,7115
341,4,10,21,322948,7.323084,252.081084,292.8616,285.2966,7132
342,4,11,10,352461,7.992313,252.750313,293.53085,285.96585,7149
343,4,12,9,375674,8.518685,253.276685,294.0572,286.4922,7162
344,4,13,29,409306,9.281315,254.039315,294.81985,287.25485,7181
345,4,14,8,435185,9.868141,254.626141,295.4067,287.8417,7196
346,4,15,30,474148,10.751655,255.509655,296.2902,288.7252,7218
347,4,16,40,507295,11.503288,256.261288,297.04185,289.47685,7237
348,4,17,7,535839,12.150544,256.908544,297.6891,290.1241,7253
349,4,18,8,561960,12.742857,257.500857,298.2814,290.7164,7268
350,4,19,44,591231,13.406599,258.164599,298.94515,291.38015,7285
351,4,20,39,623894,14.147256,258.905256,299.6858,292.1208,7303
352,4,21,22,663342,15.041769,259.799769,300.5803,293.0153,7325
353,4,22,9,685101,15.53517,260.29317,301.07375,293.50875,7338
354,4,23,22,703952,15.96263,260.72063,301.5012,293.9362,7348
355,4,24,7,742188,16.82966,261.58766,302.3682,294.8032,7370
356,4,25,22,775578,17.586803,262.344803,303.1254,295.5604,7389
357,4,26,29,799276,18.124172,262.882172,303.66275,296.09775,7402
358,4,27,39,832182,18.87034,263.62834,304.4089,296.8439,7421
359,4,28,7,854425,19.374717,264.132717,304.9133,297.3483,7434
360,4,29,7,873519,19.807687,264.565687,305.34625,297.78125,7445
361,4,30,30,907636,20.581315,265.339315,306.1199,298.5549,7464
362,4,31,29,938603,21.283515,266.041515,306.8221,299.2571,7481
363,4,32,40,965451,21.892313,266.650313,307.4309,299.8659,7497
364,4,33,44,985514,22.347256,267.105256,307.88585,300.32085,7508
365,4,34,21,1017450,23.071429,267.829429,308.61,301.045,7526
366,4,35,9,1057140,23.971429,268.729429,309.51,301.945,7549
367,4,36,21,1079626,24.481315,269.239315,310.0199,302.4549,7561
368,4,37,30,1103808,25.02966,269.78766,310.56825,303.00325,7575
369,4,38,8,1131868,25.665941,270.423941,311.20455,303.63955,7591
370,4,39,22,1164046,26.395601,271.153601,311.9342,304.3692,7609
371,4,40,22,1183867,26.845057,271.603057,312.38365,304.81865,7620
372,4,41,44,1218711,27.63517,272.39317,313.17375,305.60875,7640
373,4,42,40,1248466,28.309887,273.067887,313.8485,306.2835,7657
374,4,43,43,1286460,29.171429,273.929429,314.71005,307.14505,7679
375,4,44,39,1313792,29.791202,274.549202,315.3298,307.7648,7694
376,4,45,43,1351059,30.636259,275.394259,316.17485,308.60985,7715
377,4,46,22,1368942,31.041769,275.799769,316.5804,309.0154,7725
378,4,47,10,1405482,31.87034,276.62834,317.40895,309.84395,7746
379,4,48,44,1429906,32.424172,277.182172,317.9628,310.3978,7760
380,4,49,30,1457481,33.049456,277.807456,318.5881,311.0231,7776
381,4,50,9,1478271,33.520884,278.278884,319.0595,311.4945,7787
382,4,51,8,1507299,34.179116,278.937116,319.71775,312.15275,7804
383,4,52,22,1544808,35.02966,279.78766,320.5683,313.0033,7825
384,4,53,40,1578683,35.7978,280.5558,321.3364,313.7714,7844
385,4,54,9,1605773,36.412086,281.170086,321.9507,314.3857,7860
386,4,55,21,1638194,37.147256,281.905256,322.6859,315.1209,7878
387,4,56,43,1658742,37.613197,282.371197,323.1518,315.5868,7890
388,4,57,30,1677108,38.02966,282.78766,323.5683,316.0033,7900
389,4,58,39,1700079,38.550544,283.308544,324.0892,316.5242,7913
390,4,59,10,1722081,39.049456,283.807456,324.5881,317.0231,7926
391,4,60,7,1757167,39.845057,284.603057,325.3837,317.8187,7945
392,4,61,10,1782561,40.420884,285.178884,325.9595,318.3945,7960
393,4,62,21,1805289,40.936259,285.694259,326.4749,318.9099,7973
394,4,63,10,1841102,41.748345,286.506345,327.287,319.722,7993
395,4,64,7,1865769,42.307687,287.065687,327.84635,320.28135,8007
396,4,65,39,1887286,42.795601,287.553601,328.33425,320.76925,8019
397,4,66,10,1926007,43.673628,288.431628,329.2123,321.6473,8041
398,4,67,9,1961335,44.474717,289.232717,330.01335,322.44835,8061
399,4,68,29,1997391,45.292313,290.050313,330.83095,323.26595,8082
400,4,69,30,2023027,45.873628,290.631628,331.4123,323.8473,8096
401,4,70,40,2059809,46.707687,291.465687,332.24635,324.68135,8117
402,4,71,21,2077934,47.118685,291.876685,332.65735,325.09235,8127
403,4,72,9,2107932,47.798912,292.556912,333.3376,325.7726,8144
404,4,73,43,2144229,48.621973,293.379973,334.16065,326.59565,8165
405,4,74,29,2170592,49.219773,293.977773,334.75845,327.19345,8180
406,4,75,8,2202286,49.938458,294.696458,335.4771,327.9121,8198
407,4,76,7,2230588,50.580227,295.338227,336.1189,328.5539,8214
408,4,77,40,2251620,51.057143,295.815143,336.5958,329.0308,8226
409,4,78,39,2271925,51.517574,296.275574,337.05625,329.49125,8237
410,4,79,30,2291262,51.956054,296.714054,337.4947,329.9297,8248
411,4,80,43,2312536,52.438458,297.196458,337.97715,330.41215,8260
412,4,81,29,2348107,53.245057,298.003057,338.78375,331.21875,8280
413,4,82,8,2379316,53.952744,298.710744,339.4914,331.9264,8298
414,4,83,44,2404468,54.523084,299.281084,340.06175,332.49675,8312
415,5,1,29,67265,1.525283,306.786283,347.52875,339.96375,8499
416,5,2,8,94112,2.134059,307.395059,348.1375,340.5725,8514
417,5,3,7,116356,2.638458,307.899458,348.6419,341.0769,8527
418,5,4,7,150473,3.412086,308.673086,349.41555,341.85055,8546
419,5,5,22,184832,4.191202,309.452202,350.1947,342.6297,8566
420,5,6,30,220888,5.008798,310.269798,351.0123,343.4473,8586
421,5,7,43,256458,5.815374,311.076374,351.81885,344.25385,8606
422,5,8,29,277006,6.281315,311.542315,352.2848,344.7198,8618
423,5,9,40,302885,6.868141,312.129141,352.8716,345.3066,8633
424,5,10,39,335790,7.614286,312.875286,353.6178,346.0528,8651
425,5,11,43,363122,8.234059,313.495059,354.23755,346.67255,8667
426,5,12,10,389243,8.826372,314.087372,354.82985,347.26485,8682
427,5,13,22,411972,9.341769,314.602769,355.34525,347.78025,8695
428,5,14,22,433973,9.840658,315.101658,355.84415,348.27915,8707
429,5,15,40,469059,10.636259,315.897259,356.63975,349.07475,8727
430,5,16,43,508749,11.536259,316.797259,357.53975,349.97475,8749
431,5,17,39,535355,12.139569,317.400569,358.14305,350.57805,8764
432,5,18,39,559295,12.682426,317.943426,358.6859,351.1209,8778
433,5,19,10,578388,13.115374,318.376374,359.1189,351.5539,8789
434,5,20,40,599663,13.5978,318.8588,359.6013,352.0363,8801
435,5,21,44,619242,14.041769,319.302769,360.0453,352.4803,8812
436,5,22,43,648755,14.710998,319.971998,360.7145,353.1495,8829
437,5,23,29,667364,15.132971,320.393971,361.1365,353.5715,8839
438,5,24,9,685731,15.549456,320.810456,361.55295,353.98795,8850
439,5,25,7,707248,16.03737,321.29837,362.0409,354.4759,8862
440,5,26,21,726099,16.46483,321.72583,362.46835,354.90335,8873
441,5,27,10,743982,16.87034,322.13134,362.87385,355.30885,8883
442,5,28,7,765014,17.347256,322.608256,363.3508,355.7858,8895
443,5,29,8,801554,18.175828,323.436828,364.17935,356.61435,8915
444,5,30,10,832036,18.867029,324.128029,364.87055,357.30555,8933
445,5,31,44,862276,19.552744,324.813744,365.55625,357.99125,8950
446,5,32,43,895908,20.315374,325.576374,366.3189,358.7539,8969
447,5,33,9,918879,20.836259,326.097259,366.8398,359.2748,8982
448,5,34,40,940638,21.32966,326.59066,367.3332,359.7682,8994
449,5,35,8,958278,21.72966,326.99066,367.7332,360.1682,9004
450,5,36,21,995788,22.580227,327.841227,368.58375,361.01875,9025
451,5,37,21,1016578,23.051655,328.312655,369.0552,361.4902,9037
452,5,38,43,1044152,23.676916,328.937916,369.68045,362.11545,9053
453,5,39,8,1076331,24.406599,329.667599,370.41015,362.84515,9071
454,5,40,7,1105602,25.07034,330.33134,371.0739,363.5089,9088
455,5,41,44,1144807,25.959342,331.220342,371.9629,364.3979,9110
456,5,42,39,1165112,26.419773,331.680773,372.4233,364.8583,9121
457,5,43,9,1188325,26.946145,332.207145,372.9497,365.3847,9135
458,5,44,21,1219292,27.648345,332.909345,373.6519,366.0869,9152
459,5,45,29,1247352,28.284626,333.545626,374.2882,366.7232,9168
460,5,46,10,1275895,28.931859,334.192859,374.9354,367.3704,9184
461,5,47,21,1307347,29.645057,334.906057,375.6486,368.0836,9202
462,5,48,8,1344614,30.490113,335.751113,376.4937,368.9287,9223
463,5,49,9,1378488,31.258231,336.519231,377.2618,369.6968,9242
464,5,50,9,1404852,31.856054,337.117054,377.8596,370.2946,9257
465,5,51,40,1440180,32.657143,337.918143,378.6607,371.0957,9277
466,5,52,30,1469935,33.331859,338.592859,379.3354,371.7704,9294
467,5,53,7,1508414,34.204399,339.465399,380.20795,372.64295,9316
468,5,54,8,1533323,34.769229,340.030229,380.7728,373.2078,9330
469,5,55,21,1561625,35.410998,340.671998,381.41455,373.84955,9346
470,5,56,10,1598407,36.245057,341.506057,382.24865,374.68365,9367
471,5,57,39,1628405,36.925283,342.186283,382.92885,375.36385,9384
472,5,58,9,1653072,37.484626,342.745626,383.4882,375.9232,9398
473,5,59,30,1673135,37.939569,343.200569,383.94315,376.37815,9409
474,5,60,43,1702163,38.5978,343.8588,384.6014,377.0364,9426
475,5,61,44,1727315,39.168141,344.429141,385.1717,377.6067,9440
476,5,62,8,1749801,39.678027,344.939027,385.6816,378.1166,9453
477,5,63,30,1784402,40.46263,345.72363,386.4662,378.9012,9473
478,5,64,7,1817550,41.214286,346.475286,387.2179,379.6529,9491
479,5,65,29,1842944,41.790113,347.051113,387.7937,380.2287,9506
480,5,66,9,1870034,42.404399,347.665399,388.408,380.843,9521
481,5,67,29,1901970,43.128571,348.389571,389.13215,381.56715,9539
482,5,68,30,1925668,43.665941,348.926941,389.66955,382.10455,9553
483,5,69,30,1961481,44.478027,349.739027,390.4816,382.9166,9573
484,5,70,44,1993175,45.196712,350.457712,391.2003,383.6353,9591
485,5,71,22,2031411,46.063741,351.324741,392.06735,384.50235,9613
486,5,72,21,2070374,46.947256,352.208256,392.95085,385.38585,9635
487,5,73,44,2109822,47.841769,353.102769,393.8454,386.2804,9657
488,5,74,30,2146846,48.681315,353.942315,394.6849,387.1199,9678
489,5,75,22,2171271,49.23517,354.49617,395.2388,387.6738,9692
490,5,76,39,2200057,49.887914,355.148914,395.89155,388.32655,9708
491,5,77,40,2231266,50.595601,355.856601,396.5992,389.0342,9726
492,5,78,10,2249391,51.006599,356.267599,397.0102,389.4452,9736
493,5,79,22,2280115,51.703288,356.964288,397.7069,390.1419,9754
494,5,80,44,2317867,52.559342,357.820342,398.56295,390.99795,9775
495,5,81,22,2342049,53.107687,358.368687,399.1113,391.5463,9789
496,5,82,29,2365505,53.639569,358.900569,399.6432,392.0782,9802
497,5,83,40,2398168,54.380227,359.641227,400.38385,392.81885,9820
498,6,1,40,47153,1.069229,366.642229,407.44475,399.87975,9997
499,6,2,30,77635,1.760431,367.333431,408.13595,400.57095,10014
500,6,3,21,98668,2.23737,367.81037,408.6129,401.0479,10026
501,6,4,21,121396,2.752744,368.325744,409.1283,401.5633,10039
502,6,5,43,157936,3.581315,369.154315,409.95685,402.39185,10060
503,6,6,9,180422,4.091202,369.664202,410.46675,402.90175,10073
504,6,7,9,207755,4.710998,370.283998,411.08655,403.52155,10088
505,6,8,8,225637,5.116485,370.689485,411.49205,403.92705,10098
506,6,9,43,260723,5.912086,371.485086,412.28765,404.72265,10118
507,6,10,8,286602,6.498912,372.071912,412.87445,405.30945,10133
508,6,11,22,323626,7.338458,372.911458,413.714,406.149,10154
509,6,12,29,351685,7.974717,373.547717,414.3503,406.7853,10170
510,6,13,22,372475,8.446145,374.019145,414.8217,407.2567,10181
511,6,14,30,404169,9.16483,374.73783,415.5404,407.9754,10199
512,6,15,10,429078,9.72966,375.30266,416.1052,408.5402,10214
513,6,16,29,449142,10.184626,375.757626,416.5602,408.9952,10225
514,6,17,9,481320,10.914286,376.487286,417.28985,409.72485,10243
515,6,18,10,505018,11.451655,377.024655,417.8272,410.2622,10257
516,6,19,29,531381,12.049456,377.622456,418.425,410.86,10272
517,6,20,39,558228,12.658231,378.231231,419.0338,411.4688,10287
518,6,21,8,582168,13.201088,378.774088,419.57665,412.01165,10300
519,6,22,43,619435,14.046145,379.619145,420.4217,412.8567,10321
520,6,23,7,644829,14.621973,380.194973,420.99755,413.43255,10336
521,6,24,30,679431,15.406599,380.979599,421.7822,414.2172,10355
522,6,25,44,709428,16.086803,381.659803,422.4624,414.8974,10372
523,6,26,44,748149,16.96483,382.53783,423.3404,415.7754,10394
524,6,27,21,787597,17.859342,383.432342,424.2349,416.6699,10417
525,6,28,39,818322,18.556054,384.129054,424.93165,417.36665,10434
526,6,29,8,854619,19.379116,384.952116,425.7547,418.1897,10455
527,6,30,22,892613,20.240658,385.813658,426.61625,419.05125,10476
528,6,31,40,916795,20.789002,386.362002,427.1646,419.5996,10490
529,6,32,7,950670,21.557143,387.130143,427.93275,420.36775,10509
530,6,33,43,979698,22.215374,387.788374,428.591,421.026,10526
531,6,34,44,998792,22.648345,388.221345,429.02395,421.45895,10536
532,6,35,40,1026367,23.273628,388.846628,429.64925,422.08425,10552
533,6,36,10,1053457,23.887914,389.460914,430.2635,422.6985,10567
534,6,37,39,1082970,24.557143,390.130143,430.93275,423.36775,10584
535,6,38,29,1113937,25.259342,390.832342,431.63495,424.06995,10602
536,6,39,7,1142481,25.906599,391.479599,432.2822,424.7172,10618
537,6,40,30,1175871,26.663741,392.236741,433.03935,425.47435,10637
538,6,41,22,1200538,27.223084,392.796084,433.5987,426.0337,10651
539,6,42,30,1235382,28.013197,393.586197,434.3888,426.8238,10671
540,6,43,29,1270952,28.819773,394.392773,435.1954,427.6304,10691
541,6,44,10,1292954,29.318685,394.891685,435.6943,428.1293,10703
542,6,45,29,1322225,29.982426,395.555426,436.35805,428.79305,10720
543,6,46,7,1339865,30.382426,395.955426,436.75805,429.19305,10730
544,6,47,22,1372528,31.123084,396.696084,437.4987,429.9337,10748
545,6,48,7,1405433,31.869229,397.442229,438.24485,430.67985,10767
546,6,49,39,1424042,32.291202,397.864202,438.66685,431.10185,10778
547,6,50,7,1452828,32.943946,398.516946,439.3196,431.7546,10794
548,6,51,21,1486945,33.717574,399.290574,440.0932,432.5282,10813
549,6,52,43,1518882,34.441769,400.014769,440.8174,433.2524,10831
550,6,53,8,1540156,34.924172,400.497172,441.2998,433.7348,10843
551,6,54,29,1573304,35.675828,401.248828,442.05145,434.48645,10862
552,6,55,43,1610086,36.509887,402.082887,442.8855,435.3205,10883
553,6,56,21,1648565,37.382426,402.955426,443.7581,436.1931,10905
554,6,57,9,1671535,37.903288,403.476288,444.27895,436.71395,10918
555,6,58,7,1705168,38.665941,404.238941,445.0416,437.4766,10937
556,6,59,43,1735408,39.351655,404.924655,445.7273,438.1623,10954
557,6,60,22,1767828,40.086803,405.659803,446.46245,438.89745,10972
558,6,61,44,1790072,40.591202,406.164202,446.96685,439.40185,10985
559,6,62,9,1829762,41.491202,407.064202,447.86685,440.30185,11008
560,6,63,10,1859518,42.165941,407.738941,448.5416,440.9766,11024
561,6,64,39,1879096,42.609887,408.182887,448.98555,441.42055,11036
562,6,65,30,1897948,43.03737,408.61037,449.41305,441.84805,11046
563,6,66,39,1921161,43.563741,409.136741,449.9394,442.3744,11059
564,6,67,40,1958912,44.419773,409.992773,450.79545,443.23045,11081
565,6,68,44,1987214,45.061542,410.634542,451.4372,443.8722,11097
566,6,69,40,2023027,45.873628,411.446628,452.2493,444.6843,11117
567,6,70,8,2061263,46.740658,412.313658,453.11635,445.55135,11139
568,6,71,10,2081084,47.190113,412.763113,453.5658,446.0008,11150
569,6,72,22,2105508,47.743946,413.316946,454.1196,446.5546,11164
570,6,73,39,2125814,48.204399,413.777399,454.5801,447.0151,11175
571,6,74,30,2164777,49.087914,414.660914,455.4636,447.8986,11197
572,6,75,21,2186294,49.575828,415.148828,455.9515,448.3865,11210
573,6,76,10,2222349,50.393401,415.966401,456.7691,449.2041,11230
574,6,77,44,2248470,50.985714,416.558714,457.3614,449.7964,11245
575,6,78,40,2282829,51.76483,417.33783,458.1405,450.5755,11264
576,6,79,40,2309435,52.368141,417.941141,458.74385,451.17885,11279
577,6,80,9,2329982,52.834059,418.407059,459.20975,451.64475,11291
578,6,81,9,2351742,53.327483,418.900483,459.7032,452.1382,11303
579,6,82,44,2382951,54.03517,419.60817,460.41085,452.84585,11321
580,6,83,8,2408102,54.605488,420.178488,460.9812,453.4162,11335
581,7,1,9,59026,1.338458,427.902458,468.64335,461.07835,11527
582,7,2,39,85389,1.936259,428.500259,469.24115,461.67615,11542
583,7,3,7,123625,2.803288,429.367288,470.1082,462.5432,11564
584,7,4,39,145627,3.3022,429.8662,470.6071,463.0421,11576
585,7,5,40,173686,3.938458,430.502458,471.24335,463.67835,11592
586,7,6,7,205138,4.651655,431.215655,471.95655,464.39155,11610
587,7,7,22,229078,5.194512,431.758512,472.4994,464.9344,11623
588,7,8,39,252291,5.720884,432.284884,473.0258,465.4608,11637
589,7,9,7,274535,6.225283,432.789283,473.5302,465.9652,11649
590,7,10,10,307440,6.971429,433.535429,474.2763,466.7113,11668
591,7,11,43,345434,7.832971,434.396971,475.1379,467.5729,11689
592,7,12,40,371070,8.414286,434.978286,475.7192,468.1542,11704
593,7,13,7,400341,9.078027,435.642027,476.38295,468.81795,11720
594,7,14,39,431308,9.780227,436.344227,477.08515,469.52015,11738
595,7,15,29,467121,10.592313,437.156313,477.8972,470.3322,11758
596,7,16,8,506326,11.481315,438.045315,478.7862,471.2212,11781
597,7,17,22,524935,11.903288,438.467288,479.2082,471.6432,11791
598,7,18,30,553964,12.561542,439.125542,479.86645,472.30145,11808
599,7,19,30,580812,13.17034,439.73434,480.47525,472.91025,11823
600,7,20,10,602571,13.663741,440.227741,480.96865,473.40365,11835
601,7,21,39,626753,14.212086,440.776086,481.517,473.952,11849
602,7,22,44,663535,15.046145,441.610145,482.44395,474.87895,11872
603,7,23,40,697652,15.819773,442.383773,483.2176,475.6526,11891
604,7,24,43,715777,16.230771,442.794771,483.6286,476.0636,11902
605,7,25,30,754498,17.108798,443.672798,484.5066,476.9416,11924
606,7,26,44,786434,17.832971,444.396971,485.2308,477.6658,11942
607,7,27,30,815220,18.485714,445.049714,485.8835,478.3185,11958
608,7,28,29,838191,19.006599,445.570599,486.4044,478.8394,11971
609,7,29,30,870612,19.741769,446.305769,487.1396,479.5746,11989
610,7,30,29,895521,20.306599,446.870599,487.7044,480.1394,12003
611,7,31,40,928184,21.047256,447.611256,488.4451,480.8801,12022
612,7,32,7,954789,21.650544,448.214544,489.04835,481.48335,12037
613,7,33,43,984302,22.319773,448.883773,489.7176,482.1526,12054
614,7,34,39,1002669,22.736259,449.300259,490.1341,482.5691,12064
615,7,35,9,1033878,23.443946,450.007946,490.8418,483.2768,12082
616,7,36,21,1067511,24.206599,450.770599,491.60445,484.03945,12101
617,7,37,21,1094843,24.826372,451.390372,492.2242,484.6592,12116
618,7,38,30,1118541,25.363741,451.927741,492.7616,485.1966,12130
619,7,39,8,1155565,26.203288,452.767288,493.6011,486.0361,12151
620,7,40,8,1174659,26.636259,453.200259,494.0341,486.4691,12162
621,7,41,8,1198115,27.168141,453.732141,494.566,487.001,12175
622,7,42,22,1218420,27.628571,454.192571,495.0264,487.4614,12187
623,7,43,22,1248660,28.314286,454.878286,495.71215,488.14715,12204
624,7,44,21,1285927,29.159342,455.723342,496.5572,488.9922,12225
625,7,45,21,1305748,29.608798,456.172798,497.00665,489.44165,12236
626,7,46,10,1330899,30.179116,456.743116,497.57695,490.01195,12250
627,7,47,29,1364289,30.936259,457.500259,498.3341,490.7691,12269
628,7,48,40,1387018,31.451655,458.015655,498.8495,491.2845,12282
629,7,49,21,1417500,32.142857,458.706857,499.5407,491.9757,12299
630,7,50,22,1438290,32.614286,459.178286,500.01215,492.44715,12311
631,7,51,9,1472165,33.382426,459.946426,500.7803,493.2153,12330
632,7,52,29,1508220,34.2,460.764,501.59785,494.03285,12351
633,7,53,44,1527798,34.643946,461.207946,502.0418,494.4768,12362
634,7,54,44,1549073,35.126372,461.690372,502.52425,494.95925,12374
635,7,55,43,1583917,35.916485,462.480485,503.31435,495.74935,12394
636,7,56,8,1621426,36.767029,463.331029,504.1649,496.5999,12415
637,7,57,29,1648516,37.381315,463.945315,504.7792,497.2142,12430
638,7,58,30,1683845,38.182426,464.746426,505.5803,498.0153,12450
639,7,59,10,1705362,38.67034,465.23434,506.0682,498.5032,12463
640,7,60,9,1741902,39.498912,466.062912,506.8968,499.3318,12483
641,7,61,9,1771657,40.173628,466.737628,507.5715,500.0065,12500
642,7,62,22,1811105,41.068141,467.632141,508.466,500.901,12523
643,7,63,21,1839648,41.715374,468.279374,509.11325,501.54825,12539
644,7,64,40,1872796,42.467029,469.031029,509.8649,502.2999,12557
645,7,65,43,1900613,43.0978,469.6618,510.4957,502.9307,12573
646,7,66,22,1923099,43.607687,470.171687,511.0056,503.4406,12586
647,7,67,43,1953824,44.304399,470.868399,511.7023,504.1373,12603
648,7,68,8,1991575,45.160431,471.724431,512.5583,504.9933,12625
649,7,69,7,2026662,45.956054,472.520054,513.35395,505.78895,12645
650,7,70,10,2052782,46.548345,473.112345,513.94625,506.38125,12660
651,7,71,39,2092472,47.448345,474.012345,514.84625,507.28125,12682
652,7,72,40,2112535,47.903288,474.467288,515.3012,507.7362,12693
653,7,73,10,2138414,48.490113,475.054113,515.888,508.323,12708
654,7,74,10,2173985,49.296712,475.860712,516.6946,509.1296,12728
655,7,75,44,2191867,49.7022,476.2662,517.1001,509.5351,12738
656,7,76,7,2217261,50.278027,476.842027,517.67595,510.11095,12753
657,7,77,43,2241928,50.83737,477.40137,518.2353,510.6703,12767
658,7,78,21,2278225,51.660431,478.224431,519.05835,511.49335,12787
659,7,79,44,2309919,52.379116,478.943116,519.77705,512.21205,12805
660,7,80,44,2334344,52.932971,479.496971,520.3309,512.7659,12819
661,7,81,8,2368945,53.717574,480.281574,521.1155,513.5505,12839
662,7,82,29,2407908,54.601088,481.165088,521.999,514.434,12861
663,7,83,9,2428941,55.078027,481.642027,522.47595,514.91095,12873
664,8,1,43,70415,1.596712,489.205712,530.0167,522.4517,13061
665,8,2,30,106712,2.419773,490.028773,530.83975,523.27475,13082
666,8,3,10,140345,3.182426,490.791426,531.6024,524.0374,13101
667,8,4,43,168404,3.818685,491.427685,532.2387,524.6737,13117
668,8,5,22,195978,4.443946,492.052946,532.86395,525.29895,13132
669,8,6,30,219676,4.981315,492.590315,533.4013,525.8363,13146
670,8,7,8,246282,5.584626,493.193626,534.0046,526.4396,13161
671,8,8,39,280883,6.369229,493.978229,534.78925,527.22425,13181
672,8,9,44,301431,6.83517,494.44417,535.2552,527.6902,13192
673,8,10,44,323917,7.345057,494.954057,535.76505,528.20005,13205
674,8,11,9,358276,8.124172,495.733172,536.5442,528.9792,13224
675,8,12,10,381005,8.639569,496.248569,537.0596,529.4946,13237
676,8,13,30,409306,9.281315,496.890315,537.7013,530.1363,13253
677,8,14,9,441969,10.021973,497.630973,538.442,530.877,13272
678,8,15,21,478752,10.856054,498.465054,539.2761,531.7111,13293
679,8,16,8,508265,11.525283,499.134283,539.9453,532.3803,13310
680,8,17,9,533658,12.101088,499.710088,540.5211,532.9561,13324
681,8,18,30,564383,12.7978,500.4068,541.2178,533.6528,13341
682,8,19,22,583962,13.241769,500.850769,541.6618,534.0968,13352
683,8,20,43,608144,13.790113,501.399113,542.21015,534.64515,13366
684,8,21,8,643472,14.591202,502.200202,543.01125,535.44625,13386
685,8,22,10,673955,15.282426,502.891426,543.70245,536.13745,13403
686,8,23,21,700318,15.880227,503.489227,544.30025,536.73525,13418
687,8,24,39,735404,16.675828,504.284828,545.09585,537.53085,13438
688,8,25,39,760313,17.240658,504.849658,545.6607,538.0957,13452
689,8,26,21,789099,17.893401,505.502401,546.31345,538.74845,13469
690,8,27,44,813524,18.447256,506.056256,546.8673,539.3023,13483
691,8,28,29,844975,19.160431,506.769431,547.5805,540.0155,13500
692,8,29,8,870127,19.730771,507.339771,548.1508,540.5858,13515
693,8,30,9,905698,20.53737,508.14637,548.9574,541.3924,13535
694,8,31,7,930365,21.096712,508.705712,549.51675,541.95175,13549
695,8,32,40,953335,21.617574,509.226574,550.0376,542.4726,13562
696,8,33,7,975337,22.116485,509.725485,550.53655,542.97155,13574
697,8,34,22,1014300,23,510.609,551.42005,543.85505,13596
698,8,35,40,1039936,23.581315,511.190315,552.0014,544.4364,13611
699,8,36,22,1076476,24.409887,512.018887,552.82995,545.26495,13632
700,8,37,44,1103808,25.02966,512.63866,553.4497,545.8847,13647
701,8,38,22,1122902,25.46263,513.07163,553.8827,546.3177,13658
702,8,39,10,1140785,25.868141,513.477141,554.2882,546.7232,13668
703,8,40,43,1178536,26.724172,514.333172,555.14425,547.57925,13689
704,8,41,22,1200053,27.212086,514.821086,555.63215,548.06715,13702
705,8,42,21,1234897,28.0022,515.6112,556.4223,548.8573,13721
706,8,43,39,1268045,28.753855,516.362855,557.1739,549.6089,13740
707,8,44,21,1295862,29.384626,516.993626,557.8047,550.2397,13756
708,8,45,7,1334340,30.257143,517.866143,558.6772,551.1122,13778
709,8,46,40,1366518,30.986803,518.595803,559.4069,551.8419,13796
710,8,47,39,1397485,31.689002,519.298002,560.1091,552.5441,13814
711,8,48,10,1418760,32.171429,519.780429,560.5915,553.0265,13826
712,8,49,43,1442215,32.703288,520.312288,561.1234,553.5584,13839
713,8,50,40,1468336,33.295601,520.904601,561.7157,554.1507,13854
714,8,51,8,1507784,34.190113,521.799113,562.6102,555.0452,13876
715,8,52,44,1526151,34.606599,522.215599,563.0267,555.4617,13887
716,8,53,29,1555179,35.26483,522.87383,563.6849,556.1199,13903
717,8,54,21,1589054,36.032971,523.641971,564.45305,556.88805,13922
718,8,55,10,1606694,36.432971,524.041971,564.85305,557.28805,13932
719,8,56,40,1646384,37.332971,524.941971,565.75305,558.18805,13955
720,8,57,40,1668628,37.83737,525.44637,566.2575,558.6925,13967
721,8,58,8,1707833,38.726372,526.335372,567.1465,559.5815,13990
722,8,59,10,1743646,39.538458,527.147458,567.95855,560.39355,14010
723,8,60,29,1773402,40.213197,527.822197,568.6333,561.0683,14027
724,8,61,30,1794192,40.684626,528.293626,569.10475,561.53975,14038
725,8,62,7,1826128,41.408798,529.017798,569.8289,562.2639,14057
726,8,63,7,1844252,41.819773,529.428773,570.2399,562.6749,14067
727,8,64,9,1871342,42.434059,530.043059,570.8542,563.2892,14082
728,8,65,44,1892375,42.910998,530.519998,571.3311,563.7661,14094
729,8,66,29,1929884,43.761542,531.370542,572.18165,564.61665,14115
730,8,67,21,1949220,44.2,531.809,572.6201,565.0551,14126
731,8,68,40,1972433,44.726372,532.335372,573.1465,565.5815,14140
732,8,69,7,1992254,45.175828,532.784828,573.59595,566.03095,14151
733,8,70,30,2025644,45.932971,533.541971,574.3531,566.7881,14170
734,8,71,29,2044253,46.354943,533.963943,574.77505,567.21005,14180
735,8,72,9,2075947,47.073628,534.682628,575.49375,567.92875,14198
736,8,73,7,2099887,47.616485,535.225485,576.0366,568.4716,14212
737,8,74,29,2120192,48.076916,535.685916,576.49705,568.93205,14223
738,8,75,29,2153098,48.823084,536.432084,577.2432,569.6782,14242
739,8,76,43,2189153,49.640658,537.249658,578.0608,570.4958,14262
740,8,77,8,2227389,50.507687,538.116687,578.9278,571.3628,14284
741,8,78,22,2264656,51.352744,538.961744,579.7729,572.2079,14305
742,8,79,43,2291504,51.961542,539.570542,580.3817,572.8167,14320
743,8,80,39,2320048,52.608798,540.217798,581.02895,573.46395,14337
744,8,81,44,2349318,53.272517,540.881517,581.69265,574.12765,14353
745,8,82,9,2383435,54.046145,541.655145,582.4663,574.9013,14373
746,8,83,39,2414645,54.753855,542.362855,583.174,575.609,14390
747,9,1,21,53938,1.223084,549.824084,590.5724,583.0074,14575
748,9,2,40,84905,1.925283,550.526283,591.2746,583.7096,14593
749,9,3,43,116356,2.638458,551.239458,591.9878,584.4228,14611
750,9,4,44,149019,3.379116,551.980116,592.72845,585.16345,14629
751,9,5,21,172959,3.921973,552.522973,593.2713,585.7063,14643
752,9,6,22,198111,4.492313,553.093313,593.93455,586.36955,14659
753,9,7,8,227382,5.156054,553.757054,594.5983,587.0333,14676
754,9,8,29,249141,5.649456,554.250456,595.0917,587.5267,14688
755,9,9,10,269446,6.109887,554.710887,595.5521,587.9871,14700
756,9,10,22,289994,6.575828,555.176828,596.01805,588.45305,14711
757,9,11,10,323384,7.332971,555.933971,596.7752,589.2102,14730
758,9,12,7,359439,8.150544,556.751544,597.5928,590.0278,14751
759,9,13,40,398160,9.028571,557.629571,598.4708,590.9058,14773
760,9,14,10,428400,9.714286,558.315286,599.1565,591.5915,14790
761,9,15,39,455975,10.339569,558.940569,599.7818,592.2168,14805
762,9,16,29,487184,11.047256,559.648256,600.4895,592.9245,14823
763,9,17,22,525420,11.914286,560.515286,601.35655,593.79155,14845
764,9,18,39,560264,12.704399,561.305399,602.14665,594.58165,14865
765,9,19,21,577904,13.104399,561.705399,602.54665,594.98165,14875
766,9,20,9,605963,13.740658,562.341658,603.1829,595.6179,14890
767,9,21,9,643230,14.585714,563.186714,604.028,596.463,14912
768,9,22,7,669351,15.178027,563.779027,604.6203,597.0553,14926
769,9,23,10,691595,15.682426,564.283426,605.1247,597.5597,14939
770,9,24,9,714565,16.203288,564.804288,605.64555,598.08055,14952
771,9,25,39,733175,16.625283,565.226283,606.06755,598.50255,14963
772,9,26,39,767776,17.409887,566.010887,606.85215,599.28715,14982
773,9,27,43,800924,18.161542,566.762542,607.6038,600.0388,15001
774,9,28,40,838433,19.012086,567.613086,608.45435,600.88935,15022
775,9,29,29,875458,19.851655,568.452655,609.2939,601.7289,15043
776,9,30,29,904486,20.509887,569.110887,609.95215,602.38715,15060
777,9,31,9,940784,21.332971,569.933971,610.77525,603.21025,15080
778,9,32,43,976597,22.145057,570.746057,611.58735,604.02235,15101
779,9,33,40,1010714,22.918685,571.519685,612.36095,604.79595,15120
780,9,34,21,1037077,23.516485,572.117485,612.95875,605.39375,15135
781,9,35,7,1065863,24.169229,572.770229,613.6115,606.0465,15151
782,9,36,40,1085442,24.613197,573.214197,614.0555,606.4905,15162
783,9,37,21,1108897,25.145057,573.746057,614.58735,607.02235,15176
784,9,38,43,1143256,25.924172,574.525172,615.36645,607.80145,15195
785,9,39,39,1165985,26.439569,575.040569,615.88185,608.31685,15208
786,9,40,30,1184109,26.850544,575.451544,616.29285,608.72785,15218
787,9,41,30,1205142,27.327483,575.928483,616.7698,609.2048,15230
788,9,42,44,1244589,28.221973,576.822973,617.6643,610.0993,15252
789,9,43,30,1262472,28.627483,577.228483,618.0698,610.5048,15263
790,9,44,9,1289804,29.247256,577.848256,618.68955,611.12455,15278
791,9,45,40,1317621,29.878027,578.479027,619.3203,611.7553,15294
792,9,46,39,1356099,30.750544,579.351544,620.19285,612.62785,15316
793,9,47,10,1392639,31.579116,580.180116,621.0214,613.4564,15336
794,9,48,44,1428210,32.385714,580.986714,621.828,614.263,15357
795,9,49,10,1455058,32.994512,581.595512,622.4368,614.8718,15372
796,9,50,30,1487478,33.72966,582.33066,623.172,615.607,15390
797,9,51,21,1512388,34.294512,582.895512,623.7368,616.1718,15404
798,9,52,7,1537782,34.87034,583.47134,624.31265,616.74765,15419
799,9,53,8,1560268,35.380227,583.981227,624.82255,617.25755,15431
800,9,54,29,1587358,35.994512,584.595512,625.43685,617.87185,15447
801,9,55,22,1626563,36.883515,585.484515,626.32585,618.76085,15469
802,9,56,44,1650261,37.420884,586.021884,626.8632,619.2982,15482
803,9,57,7,1688012,38.276916,586.877916,627.71925,620.15425,15504
804,9,58,7,1712195,38.825283,587.426283,628.2676,620.7026,15518
805,9,59,8,1747523,39.626372,588.227372,629.0687,621.5037,15538
806,9,60,30,1771948,40.180227,588.781227,629.62255,622.05755,15551
807,9,61,30,1805822,40.948345,589.549345,630.3907,622.8257,15571
808,9,62,21,1830489,41.507687,590.108687,630.95,623.385,15585
809,9,63,44,1865575,42.303288,590.904288,631.7456,624.1806,15605
810,9,64,44,1884912,42.741769,591.342769,632.1841,624.6191,15615
811,9,65,43,1915394,43.432971,592.033971,632.8753,625.3103,15633
812,9,66,29,1943938,44.080227,592.681227,633.5226,625.9576,15649
813,9,67,9,1963032,44.513197,593.114197,633.95555,626.39055,15660
814,9,68,9,1992787,45.187914,593.788914,634.63025,627.06525,15677
815,9,69,30,2019392,45.791202,594.392202,635.23355,627.66855,15692
816,9,70,43,2048905,46.460431,595.061431,635.9028,628.3378,15708
817,9,71,39,2088595,47.360431,595.961431,636.8028,629.2378,15731
818,9,72,22,2109385,47.831859,596.432859,637.2742,629.7092,15743
819,9,73,10,2128237,48.259342,596.860342,637.7017,630.1367,15753
820,9,74,22,2151450,48.785714,597.386714,638.2281,630.6631,15767
821,9,75,44,2182175,49.482426,598.083426,638.9248,631.3598,15784
822,9,76,40,2215807,50.245057,598.846057,639.6874,632.1224,15803
823,9,77,43,2241685,50.831859,599.432859,640.2742,632.7092,15818
824,9,78,8,2261506,51.281315,599.882315,640.7237,633.1587,15829
825,9,79,8,2298288,52.115374,600.716374,641.55775,633.99275,15850
826,9,80,7,2328286,52.795601,601.396601,642.238,634.673,15867
827,9,81,8,2366280,53.657143,602.258143,643.0995,635.5345,15888
828,9,82,29,2405243,54.540658,603.141658,643.98305,636.41805,15910
829,9,83,8,2426760,55.028571,603.629571,644.47095,636.90595,15923
