frame,blue_peak,blue_x,blue_y,blue_xa,blue_ya,blue_xc,blue_yc,red_x,red_y,red_xa,red_ya,red_xc,red_yc,red_peak
203,0,320.5,240.5,-0,-0,319.5,239.5,226.704969137204,71.4361152607731,0.101862492628133,0.0536061736969902,3.31262387804709,4.95591210473507,7
204,1,320.5,240.5,4.94514105036949e-06,3.84484457421602e-06,319.5,239.5,226.486589629817,71.4488936816294,0.102915752176021,0.0525768616848783,3.35879124971047,5.09282818094572,7
205,0,320.5,240.5,-0,-0,319.5,239.5,320.5,240.5,-0,-0,319.5,239.5,0
213,7,215.060436292105,77.28439712762,0.0529416974677091,0.0524546882523836,3.82232426141334,1.75565173983435,320.5,240.5,-0,-0,319.5,239.5,0
214,7,215.75650519325,480,0.0554992499510527,0.00050794990569689,3.22282367082658,203.700993464942,54.8139147640654,478.77239460174,0.0138685329892523,0.0137448676291846,2.13439815141116,2.00546822521521,2
215,5,215.974816474641,73.2804964739522,0.0494710637165803,0.0159387087552148,3.48686139602063,7.7975439365504,320.5,240.5,-0,-0,319.5,239.5,0
226,0,320.5,240.5,-0,-0,319.5,239.5,320.5,240.5,-0,-0,319.5,239.5,0
227,5,50.1159402142041,496.5628365801,0.0199937061320926,40.7389474243194,1.32719277327883,6.0454566535321,45.0000000025009,480,0.008582202540045,0.017187606640671,1.68810582857634,0.322890225705365,3
228,0,320.5,240.5,-0,-0,319.5,239.5,320.5,240.5,-0,-0,319.5,239.5,0
242,59,219.824894407626,111.441841996178,0.396430471896841,0.334751264735981,3.80577694521812,2.81738213146204,212.993684683497,108.815996382829,0.343615129485191,0.178009446724514,2.74475945222855,3.77608925713812,31
243,50,222.845807726481,115.231013375467,0.472080556665192,0.244055184253998,2.33150558778273,3.62109688611129,214.263424640317,115.619861645324,0.373240647870782,0.198941892808941,3.1652409327582,4.27154724825769,35
244,51,223.782257075782,118.347496618078,0.543218901966562,0.271993301671036,1.2981079420614,2.89702909600865,214.246485509609,119.689464982686,0.612762625322676,0.334058341524911,2.4912145848856,3.42934575165711,62
253,52,225.159269240421,160.485644585851,0.482536676163217,0.284050516446364,2.73928535338608,3.3350160545425,217.296566374412,163.144693137888,0.763273906802923,0.343713105493086,1.86502583561921,3.44757526112589,78
254,31,228.194530550447,166.817869304801,0.408280598367237,0.165154981621705,1.23202493607937,3.64127128798779,217.831157092641,168.638613543328,0.522386432168585,0.289987942804525,2.97664727055779,3.54451840580377,51
255,61,227.499091453909,172.759585166368,0.83648537781473,0.370161485651233,1.89748297142579,3.52418444959722,219.861672222686,175.400394322878,0.233977861620944,0.138922344330454,2.89703279662571,3.61361321368148,22
265,44,231.565217533769,232.225254469068,0.408275808184148,0.272134681668428,3.20091691251963,4.0924962650207,224.25915880567,236.192847336037,0.384085907903031,0.229549123838999,2.301899929562,2.9998373720912,35
266,26,231.352547770236,238.768334828743,0.159112946619375,0.165859809934159,3.71182647602213,2.69315765216621,222.510333585416,243.388765238831,0.528527202098691,0.34043345381802,2.4970042877203,2.86874813050276,61
267,29,231.228795280673,247.181272113243,0.287347597158954,0.150474012501718,2.85198211877849,4.04421313378896,222.896124814557,250.298506777501,0.478232363028484,0.314472834521144,2.70496940759504,3.25419001350162,54
285,55,240.782400956942,342.55337922682,0.504079015700339,0.281864539483954,2.53097428685331,3.50469327618089,233.694902566269,345.245165614133,0.422294544755186,0.215660319269363,2.42660465841249,3.62481570190886,35
286,46,243.641069247071,346.110299193044,0.506687558995364,0.294766055000392,2.69049877154435,3.55756923954303,234.951796240623,350.37237739421,0.327672050387019,0.226367629417037,3.32708333386575,3.20060425111956,32
287,72,245.315827935393,349.78723523181,0.676495571568479,0.33438244894813,2.26672884459045,3.66288300897,236.910520116663,353.714612101134,0.228276354052292,0.191894393636173,3.79566353205921,3.33583553603202,26
303,41,267.959043013215,401.831577648176,0.33747158385359,0.265103231235769,3.77383057270659,3.9925425321576,258.136579169082,403.908178591377,0.322203808622436,0.202955595701812,3.66377626431971,4.41384638653319,24
304,43,268.436761602144,405.198887811073,0.367640993671015,0.250398693748807,3.65514777223332,3.52100029917249,259.16739013872,405.733506866506,0.131799269447716,0.125645732833776,4.42707185817713,3.43180521843683,16
305,39,268.56817486084,406.28154022093,0.306890838260075,0.261335850110213,4.42040682631684,3.48732053322185,259.75028067296,407.731105424055,0.24731466244565,0.134433967054587,4.35762807183914,5.50154106821703,15
321,28,280.72141862243,422.139874000735,0.411004437114409,0.1563663293547,2.74280873166565,5.38893848182306,275.872773808275,428.637730265847,0.112917022269408,0.0322110824666758,1.9174610115762,5.58172635036239,14
322,67,282.829150246307,421.960974203533,0.527308862316226,0.49095402478751,4.11934776823848,2.87976933602865,279.756226172146,433.030584303521,0.152978411098371,0.0644739384790929,2.54398023283236,3.58407618640455,14
323,61,287.064956182587,419.755048564896,0.58155767966378,0.301263955530316,3.18861165132342,4.78376892145249,284.55928888233,427.115001968886,0.120932669535131,0.120873775997151,4.5903293011623,3.09670277876019,17
336,47,332.216459931043,405.964407645302,0.346728196605088,0.388267103841049,4.31942467358889,2.47923992315523,334.290241795896,415.528027947079,0.21563049177924,0.132425648561817,3.85140860846308,5.27754068970034,20
337,65,336.400103307043,406.198642526056,0.591520818283461,0.377082853343123,3.04868055141327,3.11714074750605,336.008364190837,415.808671329223,0.29344795519317,0.242407057677974,3.49447557086811,3.14740601360982,37
338,40,339.747044091142,408.215552102291,0.374453836032186,0.288944805910941,4.63041087173773,4.40035493120281,339.559023722388,415.22035200943,0.113597132784671,0.151714512544337,5.83000620849046,2.57277065378706,18
357,34,378.956512430773,390.089375585258,0.328085049542035,0.210507694176802,3.88048643827623,4.22536634985845,387.493283365428,394.338457779553,0.403287421136154,0.147269551837958,2.34034079214628,5.32191008180041,31
358,37,380.441880786502,386.593168120141,0.317237115523106,0.206157634101045,2.96066572821439,3.32491337389593,387.996180431507,393.268321647518,0.224580769607084,0.148423452621341,2.71819988754054,2.99757242795007,23
359,40,379.910373287286,385.178747594398,0.496042754319304,0.230173183105799,2.77911288188713,4.56642603390435,387.815245223613,389.446631688395,0.157990815887996,0.0875085293405711,2.83177988353928,4.83170115810546,18
375,25,382.717691771022,383.703125368117,0.191011180558891,0.164997753119751,3.79000634026137,3.44436321864751,392.034312326575,387.109326625648,0.275190327319466,0.157968262198335,3.27885964870829,4.54199327228216,29
376,27,382.665982098111,383.833476964911,0.19904423304819,0.170554013630005,3.68333892722139,3.47358547968972,392.007034646669,387.113984422934,0.269428723163637,0.160861172077955,3.25489570419177,4.35917096335636,28
377,29,382.392268870368,383.608158667329,0.248521247087169,0.198270388062478,3.35668542043597,2.94971190978124,392.075216312722,386.802379343502,0.30126898034314,0.158221833506463,3.37400259962041,4.97400642319773,29
387,42,382.970093781432,384.041642277095,0.347701478710977,0.213537420852898,3.14405659507535,4.32438042285871,392.165816406394,386.113070864551,0.271777834582794,0.192338337783479,3.84753600464874,3.9645497558171,24
388,42,382.906797058829,384.041856482108,0.334837973162716,0.210260613490256,3.22266937791723,4.33495200798066,392.133579477096,386.136794590658,0.276885146150924,0.190844759122967,3.85427464517214,4.09234679173711,24
389,32,382.583983843931,384.652458707088,0.220941303067624,0.173676017876096,3.59672570196745,3.4189581235928,392.132289551381,386.26310948192,0.257474592825139,0.183777513039532,3.67061524622888,4.10488326905061,24
397,31,382.311901561529,383.176547229124,0.237703960962015,0.231575292466902,4.09149629764174,3.24885054097316,392.763688513598,386.862087360083,0.0926511155507632,0.0503410015948606,2.90568440728022,3.98022765046658,8
398,30,382.312051684502,383.236021696686,0.236216630033704,0.232047805771415,4.10924142876545,3.22745059115718,393.015887971032,385.960234502576,0.0871123200177706,0.0357821117951825,2.65982991192968,5.49848763656307,8
399,29,382.352904303275,383.140498460332,0.244763982035173,0.237795545930145,3.99994562687307,3.19179675738537,392.618865903009,386.408659383933,0.0878764171941011,0.0420940433336248,2.9740425491356,4.91034656577561,8
417,42,402.864292514602,393.865153222162,0.304544395065426,0.198482150646339,2.33019494161466,2.96627707152353,403.821835574559,402.01248963943,0.290519491552287,0.23853913719168,4.12609420381307,3.59912109472804,44
418,24,403.620152815048,393.569233723462,0.101277004403311,0.138534440253017,5.31644317076664,2.73376986383429,405.301359163497,402.009230335056,0.317179792872379,0.28237100802883,4.06711399888104,3.61302544276309,42
419,22,406.070497046343,394.53522751828,0.121038489987551,0.124785611493585,5.96541574134165,2.64632486383071,406.499258805465,402.096293574006,0.408641591533591,0.29388805127339,3.29699945876524,3.48200850781631,45
434,55,425.495170625558,422.830587155269,0.463148171892563,0.333769047558043,4.82471460555856,4.66027417096546,427.207218773731,435.916054538392,0.413865869240655,0.176479756120514,3.86337547991657,5.69594962726138,21
435,55,425.505962338536,422.830737438758,0.454487023279411,0.327831343182909,4.89189645598057,4.73956515115269,427.243576069313,435.777902231471,0.401194939945141,0.184475577919968,4.01048695439019,5.73397082617422,23
436,41,422.943744514027,422.869910650514,0.437405310977074,0.321427637977735,4.69627165194002,4.65304773658764,425.968067200881,435.278589740139,0.372218776399704,0.20016647287737,3.71539170988533,5.30192119380533,32
458,25,408.260189062002,420.407480015686,0.365099861696515,0.182815472285902,4.29472102901303,6.40464994438373,399.622923755806,421.888643932357,0.232795887995379,0.135995053669935,4.45353749032887,5.80666322340298,22
459,22,409.466032285003,422.850037906253,0.27952603063051,0.230490003622788,4.34052961493097,4.62717322325947,400.187537799613,423.410055039468,0.162380228504699,0.16208148565029,4.47201853252455,3.28404487890905,19
460,20,408.074200011694,424.328003209638,0.243472983315702,0.165407256165865,3.35458938052249,6.31861054472851,399.338121783601,425.478294317455,0.0868766632988785,0.0856101778401667,5.94281073460864,4.4476459314289,11
474,17,400.919745736692,422.200397053241,0.177157279503632,0.0653530496853669,1.91257737753358,5.1360981163793,390.345386528337,423.404141728422,0.0753094135017616,0.0345962446504392,1.27221934344285,2.05515956970833,8
475,14,401.079578717222,422.830011319707,0.140503715804493,0.0568053580038938,1.76161393636153,3.44387855756461,390.676076040254,422.01117849429,0.0605086113731822,0.0196677550481114,1.05292671622962,3.16217051831263,6
476,14,401.150116567589,422.721437339521,0.146492718396416,0.0515294024984864,1.80152295388219,4.7726250789265,390.494782160187,423.009664357956,0.0916404709433931,0.0380534023654599,1.19302513519344,2.45707955635315,8
494,11,401.201696641155,423.481598663452,0.0913896449664938,0.0449127261683006,2.41879678897041,4.01461652689118,390.632653010476,422.961547654761,0.0977996310190737,0.0588765007816291,1.68021628152061,2.82827006878298,11
495,11,401.18350895849,423.818071612057,0.0961781434108729,0.0528500551416334,2.5150806342972,3.48145541573297,390.665944290952,423.033739953667,0.0997734842711407,0.0620315746249113,1.71420367306481,2.69452056293516,12
496,10,401.223913111595,423.650622327638,0.0884126972939206,0.0477483801648043,2.5106108336662,3.63868567018354,390.779774789447,423.021696278202,0.0844952953746405,0.0537388675438898,1.73436826259123,2.66348416662222,11
515,61,397.188361489286,379.524787900381,0.669103986676025,0.343387321296466,2.84699990244032,4.47003317984278,407.573374828844,379.792838376584,0.780168349277999,0.372451758917253,2.71763242977982,4.45740188560824,62
516,44,396.307365171584,372.871944942145,0.47677982598528,0.258590255779475,2.71111297349358,3.6756901569503,405.585330776604,372.53832508936,0.256434158179921,0.169512655758696,3.79493771426303,4.41025525875712,22
517,55,395.514595293935,367.263048561595,0.564211679389709,0.304398524453301,3.03328568804976,4.38926912367594,403.988189523593,367.368356237852,0.796626089655849,0.343278005881974,2.19827521185486,4.0742188898203,69
526,78,383.493290822156,325.384719290299,0.773153920752368,0.344952317201599,1.91611709257389,3.36301104629451,392.102067392021,320.538254116348,0.274346717064204,0.155717240394526,2.30333070849891,3.20330626998654,26
527,57,383.470550653537,321.023108950239,0.645479159073805,0.242368752791284,1.8161139553973,3.9984097425261,391.979120839148,316.049760231968,0.572876763553602,0.278038888636924,2.00630193662061,3.28074553506721,64
528,64,382.987334923505,314.527603996632,0.761111256633989,0.283178586093597,1.76134743010196,3.7682566637097,390.545758494706,310.254725137875,0.136659520942856,0.0894432939282087,2.64699677892181,3.01794620811119,15
547,44,375.998070031959,218.268207940394,0.255624811649862,0.195948748392543,2.95196001510781,2.90433481331474,382.77229324135,213.207140735999,0.593422374288331,0.292859546108065,1.91653992906371,3.30635246011323,55
548,56,374.603143267027,213.478219148683,0.660767944935765,0.293085754445176,1.98618133447725,3.33206881455993,381.433858531396,209.196262292829,0.20195515132458,0.183648018584992,3.19980150006952,2.54789556288134,25
549,51,374.456327569618,208.331221755853,0.368698080205474,0.245085294177679,3.54963096100245,3.4516044967958,381.629202426944,203.128484090042,0.668058616075679,0.303895073760441,1.91364739190871,3.13519896135103,56
566,24,371.421038703196,153.447757825321,0.23664994685814,0.131330213531888,2.63392666939937,3.44669874934766,375.012123109202,148.107142959954,0.189131175023329,0.142799402338639,1.80566101549092,2.24845278872957,23
567,17,369.506925973137,149.638999307153,0.133388324759652,0.106111817132038,2.96330532371107,2.98803461620354,375.368134782997,145.039222717544,0.27967713629676,0.215957864320813,2.48858364972517,2.57480428214746,39
568,16,367.845260655178,151.579183054538,0.204317147892457,0.0939159146895649,1.27275480808796,2.5469358688525,375.446076260332,144.781209561571,0.189771692811721,0.213372201067357,2.56959263596593,1.76680054536582,32
578,26,369.041456087155,142.454145667847,0.238906599404927,0.148602149017686,2.91957152452524,3.59877140515168,373.861723976371,136.063640334997,0.191457780440628,0.156760293135182,3.32119640816124,2.96012855862272,23
579,20,368.25631831559,144.321024277522,0.229222012726245,0.0876886873650384,1.32080372748319,3.34422127607731,373.653328471291,136.219580332451,0.226873876907283,0.156276754755816,3.16269138243847,3.36823445917754,25
580,19,368.455736915749,144.27109119529,0.234114760246808,0.111854413350475,1.70806542111193,3.58395077729783,374.92868769402,135.506448902376,0.177885014478908,0.132351235699045,3.12016908343513,3.09503681679788,20
599,31,371.206054800013,146.272715349215,0.256612757272264,0.174804206723752,2.7731036055509,2.84239971460647,374.75624981788,135.47880034944,0.197324620703455,0.143030903791495,3.19617954971523,2.99080978572257,24
600,35,371.453214249707,146.438865232847,0.263487275181849,0.207474852223219,2.47149845931399,2.44161955504054,374.577025595255,135.767118382879,0.233009793500395,0.146099441166742,3.25454392437419,3.59873828927593,24
601,35,371.425694618082,145.805086992654,0.276767450949164,0.196620112306699,2.76734227879151,2.78793671495814,374.532769270121,136.210654096674,0.24706523914765,0.165263795091838,3.19367263465438,3.5014038255388,27
612,21,367.785653687368,150.743503273095,0.153647237491891,0.113087254427311,3.02587197281259,2.27344059969511,372.334295958513,139.827150088455,0.26802782783496,0.116308419582949,3.03803728180467,5.08568315225859,22
613,26,368.923971579057,148.570731892991,0.171863536016779,0.130713919675831,3.03877901336363,2.80781894929243,372.140083674947,139.629781146269,0.159150385261511,0.121688805112451,3.49120321270274,3.28114844976002,16
614,44,368.246453330176,149.44555663308,0.298317147806444,0.169951524435043,2.27562080092576,3.49596126368897,369.917325111188,141.392692955438,0.15055710161999,0.113363491679765,3.6309300532222,3.43794744398834,19
632,20,321.639425329381,175.936218376782,0.16905277700743,0.109309193108724,3.03633764539069,3.34989187188764,319.552970666859,167.443907719197,0.29897939938198,0.173091885819592,2.31055503268912,3.3049752263878,32
633,43,319.018774599397,175.392183054888,0.306827334147102,0.235450337045417,2.73498555731718,2.75444875963033,315.380108183004,166.978219318319,0.260640514354499,0.17923946094282,2.68651420051536,3.02362860354199,33
634,29,313.703884397533,173.660505351676,0.24267272073536,0.15817606277393,2.59788726946471,3.10434999219752,311.14174655561,164.984764831739,0.225418165921169,0.173572139030884,3.17772874086297,3.06636355419642,24
655,51,239.783785016824,206.087252378753,0.515393923168719,0.227226653597642,1.680120064116,3.12782036939975,232.645729403643,201.44472670715,0.291639411035493,0.241357369942681,3.12236021696896,2.90048426768744,29
656,41,240.395131541653,209.939509159447,0.356773901999741,0.192803173542968,2.01261874312065,2.89819051790033,232.442824907425,205.821241349263,0.173541506028462,0.144052248714711,3.36045391672701,3.08699368584391,25
657,79,238.790010509157,213.784056101905,0.675844443799064,0.321890739329826,1.92746191216279,3.2161645299666,230.332121980028,210.844532600432,0.35870066704196,0.143878765773365,1.98459950441945,3.96963174430763,40
671,48,228.195455820435,269.324492158055,0.537542365913331,0.274592632278818,3.18796017289065,4.56756462753354,221.022026140274,268.520734145186,0.360269063123436,0.241000554073521,2.9241659420431,2.99346077068878,48
672,43,228.662829340156,274.039500795608,0.312297726634645,0.29397336550427,3.46637434906351,2.70101186638108,221.074579531004,274.914901195642,0.135265382452819,0.136586431351243,2.91550857461085,2.00082949814153,23
673,51,230.349344053291,278.593823638903,0.480912251681998,0.271215806901192,2.38558147521531,3.17454659583848,223.531859571476,280.79991280417,0.369535755565928,0.21066251059035,1.70927986695172,2.6249458129812,36
685,36,234.46558407026,334.820318758633,0.492228541703952,0.195684286768677,2.57680264761877,5.1486873074691,224.891673685231,337.256579720115,0.203983288243982,0.264865838227011,6.00476395709183,2.45243732292505,43
686,42,234.60505547348,338.727383071056,0.41704671833318,0.29478609979007,3.23637046044862,3.6277552533783,226.721547540146,340.100056746819,0.212939136652587,0.193645281118767,3.56824958391418,2.63198446273792,34
687,35,236.223853585015,341.729482752809,0.389873366131895,0.279234873312932,3.64195497211283,3.93993625156403,227.301715793876,343.613093028765,0.40899690408174,0.211088451292216,2.36752969391229,3.76661830547874,39
699,39,234.232320086769,381.409040050113,0.416033761891056,0.270478777973704,2.821364344318,3.17074896952085,226.749451076337,382.614317422995,0.154355828346351,0.132420000086138,4.78277564817993,3.93010414794931,28
700,24,233.621100088352,383.750489500753,0.291863984092896,0.181917035174649,3.53164554083217,4.21418647846078,224.322783082659,381.457055498991,0.11211138787416,0.151172049545486,3.93539452227461,1.83069933606077,16
701,25,232.317358091826,387.140344854147,0.29504414657644,0.219837041436851,3.9061525080746,4.12602120589465,221.982979575714,388.739610320368,0.33999922624129,0.14489814008423,2.93165871373298,6.18824002276958,34
711,23,228.210683533034,404.49466185567,0.334215401181296,0.181781780283084,3.49081109821491,4.95102283243518,220.32299052947,399.645546999947,0.100687885675589,0.0811001457540448,4.70800355870858,3.75155623751127,11
712,23,228.31218615448,404.279585626905,0.325762505425605,0.180595810760405,3.59066022308963,4.9825626446883,220.049469002012,399.842848755,0.0938295490697635,0.0662300779797472,4.69260757120929,4.47918381529511,10
713,19,227.466666629122,404.244039068091,0.300767390265536,0.154468649162481,3.44022643863155,5.1198426413349,217.862732314132,401.937076219595,0.321921182999732,0.186410416651506,3.42896501424643,5.02923292659387,29
727,31,225.655016984279,407.568323308612,0.31310083318361,0.193162954890406,3.02478806271513,3.79429055364314,216.95736817863,401.738926797812,0.74136007459849,0.600292547788438,4.01514022444417,3.38072994787601,81
728,23,221.667399837757,410.189632214094,0.298920197489452,0.205668899414378,3.76822132043843,4.14382768123791,215.322705636312,402.08375008213,0.384867407710787,0.265623267049829,4.13862879277712,4.51225222080063,30
729,30,219.559282765171,407.850118338355,0.254773251836976,0.186652156099985,2.76708121833929,3.32297080768075,215.199618441371,401.834446450274,0.621634857100919,0.543522138705733,3.95050090730939,2.91675900649129,69
742,38,194.173723152341,430.347833909898,0.490054507738496,0.323779919549631,4.13741766891033,4.96794201100741,186.78421049937,423.842382076966,1.91782201724741,1.21423082353262,3.36949659598235,3.94619902024471,157
743,24,193.999641248823,431.763294194297,0.368150063908859,0.231791946095754,4.31850591392967,5.34533807767035,184.755565769771,426.084926620643,1.55441536215481,1.17023086087018,3.89808752735971,4.00692161809505,112
744,31,192.161535980404,433.828155368926,0.431983333616721,0.26382811598862,4.00293950646974,5.46611194636274,183.424959726008,427.590384349006,1.57053448182287,0.900990301910717,3.36068225801431,4.5390823441056,105
755,29,187.135574102683,437.132595429764,0.271334701641253,0.275744945583524,5.39089316918237,3.98710107684045,178.008257845884,430.010809162293,0.980888205541921,0.621998053350194,4.21748890385434,4.921116622944,73
756,44,185.654990066692,437.3827344397,0.290163647423546,0.223574691804393,4.68079128160684,4.48942815328626,177.656921695326,430.057730628124,0.894327786657724,0.656190380046572,4.46556778277186,4.45410859872417,68
757,37,188.385875092649,435.690990464098,0.486895639993004,0.192200457174428,2.5265968936505,5.85978291512357,178.526996168676,431.539944246619,1.49480467261365,0.961443109936797,3.29389655404682,3.86307793583812,110
768,43,189.024630596018,436.593710250328,0.441741520349701,0.300321225855964,3.76345937519418,4.30441478323354,187.538364967607,424.733829024671,0.800820217072466,0.567227122130169,4.21924192387702,5.0064430349918,65
769,32,190.78866293763,435.980689396547,0.311389747496502,0.245435603334454,4.96201877526435,4.56546813351225,190.31282851642,423.082123775929,0.975875037543121,0.524457017261545,2.83535654776012,4.44202366989448,103
770,42,192.565574297702,434.462769806347,0.534568114997937,0.249166622533641,3.66798038928856,5.89023543762304,191.613028395138,421.772007187281,0.557616988207603,0.366942374855574,4.10709575076009,4.5144336055908,60
790,50,205.704924620541,420.594925554184,0.500028273549001,0.262294681861698,3.91092780662801,5.897367743658,200.548146723648,411.053826773248,1.45124032996499,0.928475918781846,2.89655217188572,3.49425605774556,107
791,63,206.620782803833,418.956143625277,0.720027361561397,0.400476301457997,2.03161550665148,3.64217436626295,201.367037829284,411.031753041185,1.36646787235678,0.937726590808346,3.64594213198013,3.98981416804629,113
792,54,211.386693581568,418.124176889997,0.620937073459235,0.435891721621488,3.49279618463943,3.55198643016381,202.997831824792,413.904741327701,1.83637397535438,1.1931796873817,3.24567404558942,3.72093290107888,130
806,33,256.355003875744,406.040957878606,0.387894085117764,0.210681600368299,2.95177978021382,4.05129752433907,248.425272909007,412.459395137013,0.218457338376165,0.147812677422066,3.23420736523653,3.74443633976666,23
807,54,257.150850161124,406.733861831544,0.506556937474256,0.34480613347852,3.22006303936709,3.10448596123043,252.100473050068,415.279408111369,0.411752148187894,0.134642048716985,2.1894427445703,5.95843973188419,32
808,36,258.80412876616,409.925376871427,0.482011689321586,0.329326895857399,4.00179696757544,3.71556951909234,251.816329857912,416.092771910212,0.293881275839026,0.128375562316122,1.7318835971598,3.65011834343013,25
816,63,283.166430918972,406.582023630111,0.84261928105354,0.499822182939794,3.37430129514852,4.12726722814345,284.847307949079,415.052512868775,0.250149149784527,0.231096150840512,5.50609330778153,3.3591826703287,30
817,37,286.081850848487,407.265165560373,0.382347214641435,0.306117823635021,4.41553404743894,3.77358206200215,286.521286411348,415.7479993362,0.221340435326784,0.206706018841705,5.10041215641787,3.60479484194753,22
818,68,290.668072824399,407.52303995536,0.447150161136069,0.439237433498151,3.75859369350707,2.81929974638895,290.767709477008,415.005417358723,0.34572860295174,0.135325164430191,1.88579486431893,3.06999069237369,24
831,39,348.68812183438,410.24679003568,0.399674559631375,0.254095697056471,3.15523671326381,3.9579096784188,347.671941650077,417.211101942629,0.205382221773627,0.198203845371462,4.42165049502815,3.62483120813875,31
832,49,353.296815977411,409.044934571196,0.435495394545966,0.432561472754363,4.14945489422696,2.81812508316329,350.843316999898,415.399087749391,0.0537743300230288,0.13651058782826,7.36760341147696,2.02818721112409,13
833,59,358.198485174704,409.631439929537,0.430900784893869,0.305211754445769,2.63286661045077,3.41051734135132,355.542417587266,416.544812859291,0.191099788837156,0.195306182677516,3.77069090207125,3.03562083790919,19
842,35,386.067147375087,412.782660945952,0.386671243134484,0.1942271995626,2.6339050150227,4.11668541926139,382.467065111009,419.404968620473,0.253917195196366,0.1596825736286,3.31732146552798,3.75205110814634,23
843,31,417.598030510404,403.923147232598,0.404571264430925,0.246234628825493,5.81559454047802,11.2283761010366,290.508115662913,422.83251715371,0.163294324195977,0.108728434433934,1.69746746049694,2.47223973422588,19
844,28,417.586751075647,404.72132254361,0.5700445841686,0.376839704978559,6.38299133169959,9.85545840218079,390.272146437244,419.31345410328,0.438259605728279,0.227085459063256,2.11863148455003,2.790398354029,44
863,74,425.132384798093,436.041423602375,0.865444713911041,0.654939417961822,3.07840650181179,3.21537265524543,422.484441928367,443.275790695754,0.458930160986339,0.193681966511146,1.45087897203734,3.59170462495111,34
864,38,428.520580698535,437.93560674718,0.319172747245127,0.288420341829296,4.69802381011836,3.80534071350688,428.583038212494,446.675328467603,0.207582638518969,0.153606807911517,4.97216700505036,5.12314807913171,22
865,28,430.460306424694,438.398686746156,0.339977233457735,0.270298149361124,5.13468812312191,4.72514433843647,428.082708762118,448.130452574597,0.27386455861453,0.196705588123857,3.61336841018473,3.5896057613685,26
882,44,428.208067599657,451.652640944259,0.708675861093535,0.339399860148609,4.16288125845998,6.4433208690413,427.912180511115,462.593061743415,0.380862907304912,0.291198954889106,3.99468747236256,4.76613886122879,43
883,35,426.223941110988,450.398207330113,0.373324444670853,0.257069923008689,6.04854875223982,6.10939982831058,426.622690778102,460.091088195142,0.298760738100499,0.193207845602612,3.19108422208217,3.90906069384722,24
884,64,425.404769624862,450.064551444946,0.482466390730344,0.393080635244047,5.47305210030429,4.74875031735663,426.073569662786,460.703548882959,0.434468069775071,0.23175413829638,3.14091576700856,4.27016572659782,39
905,38,431.986124545827,447.414158884627,0.333328700215325,0.268931990906329,4.61142710921223,3.77385232787955,427.712872343633,454.445161112434,0.313486460669385,0.138775006964199,3.58200898587764,5.78753000635878,24
906,31,432.803800211578,447.244639188777,0.354464552374873,0.212721924346978,3.79032447885973,4.58608558537494,427.333940422796,453.581060765247,0.298667558953321,0.168801922844054,4.16165847333654,5.30991984697097,28
907,31,432.48949364061,447.089818289257,0.340005601264509,0.210912005685404,4.17072491812514,5.09676466544004,427.490736805555,453.55367671445,0.324666746503346,0.177150848208032,3.91116380713148,5.19563377873498,29
919,27,412.712446251942,430.60227469525,0.28764892249086,0.192359803860942,3.85914664220786,3.91900815040568,406.909021163214,438.24094864138,0.151339727583162,0.0863220411514181,2.42022182280371,2.85942471455043,13
920,34,410.053830900853,431.943776135322,0.38825693355428,0.275206478830086,3.31117043361334,4.2838105297167,290.227855154086,428.775032254545,0.120675366478145,0.0700213049680227,2.15841570712173,2.1612922205905,10
921,44,406.33327743359,426.305602305969,0.508318353240697,0.281892357902526,3.42342617901022,4.83973835755078,290.672626429976,431.108672058845,0.149850055701028,0.0354823443176886,1.84255752462646,5.68626292713417,8
930,0,320.5,240.5,-0,-0,319.5,239.5,289.869552658504,126.841227736241,0.127238919699446,0.013177244767005,1.89122034013342,9.44775247802069,3
931,7,49.9812697645378,494.017710307115,0.0298266026717521,8.1832732914724,1.60194231614005,6.03120758951842,290.106925085757,128.627849462939,0.154099681514431,0.0163244641930729,1.86512045902666,9.69932221388622,4
932,0,320.5,240.5,-0,-0,319.5,239.5,290.669751208353,134.939257298283,0.0911740098613824,0.0112166005567568,1.65308346486565,6.32972809480944,4
943,1,320.5,240.5,1.47178825021748e-05,1.1534493252858e-05,319.5,239.5,320.959615553926,32.3427157297812,0.00336082781975285,0.0522570450988775,37.9400852071634,0.679636256505415,3
944,1,276.854218317682,240.5,0.0222978676665875,5.25393058673454e-05,0.557381639686608,239.5,299.817012678952,899.983422837165,0.00118969407399573,3.27617721206888e+40,18.7245312887729,42.6892513209971,4
945,1,277,240.5,0.0208335412499958,3.77795907997331e-05,0.32950511449113,239.5,290.356294960658,166,0.00712423094253516,0.00022215758830511,2.4168978935366,29.3813019995455,2
965,25,407.683158459486,431.673561835856,0.228579118108817,0.137560772454548,4.134279628734,5.28579199445663,401.151337663595,436.03451435233,0.269552159491095,0.187688071669403,4.63736822677105,5.00836386330883,26
966,19,408.417372069668,432.145266423102,0.194358335275727,0.117134390006941,4.8301316093582,6.0484499761078,401.419058012798,436.012675243248,0.288588378492036,0.19612363468,4.52276465693498,5.07823292656931,25
967,25,408.287811512158,431.098792813712,0.217428348315991,0.144395792684387,4.73076459201481,5.24794927913957,401.440253632783,436.055365073158,0.292366424073273,0.207103561528856,4.60499389197471,4.89974735919807,25
983,47,404.808508322697,410.094555818535,0.405483037395433,0.204278079626388,3.91992644948518,5.67890747399499,411.323037560233,416.319260185045,0.183310096811184,0.130238377827085,3.38429480587996,3.37528625007412,15
984,51,403.557463010476,403.746793853517,0.460984416199949,0.295183774753467,3.77007669981458,4.3478016385843,408.724323802341,412.746047134076,0.113048221420636,0.0773680288075747,3.0102364062786,3.35444222938685,12
985,32,402.381092540737,401.227889001184,0.329696346733195,0.198763020487913,2.81109422077383,3.56500748179278,409.836436303711,404.674349522127,0.289929834201256,0.129433238430657,2.83542312977373,4.47119942028434,20
1001,37,398.520726402248,321.406739887558,0.325478680052695,0.185997024412534,2.74934607479161,3.73409484593896,405.24334870147,326.854633538575,0.283367165409653,0.206221401909688,2.62709690761004,2.69213526965662,33
1002,31,398.912303327213,322.217183234552,0.271749703461822,0.220281363054181,3.49130307268293,3.37506528579563,404.148681348976,328.345714839308,0.121009203685168,0.105882026785379,3.61575573248814,2.620761629262,14
1003,20,401.768818928501,322.530482506989,0.158749358925507,0.119703380458082,3.47627536125869,3.42256870037066,406.025179387569,329.799488211239,0.275458756550453,0.179517688937838,2.25363324050423,2.53290077841306,35
1025,20,405.045034020344,318.554772233757,0.257478454681608,0.156947044643205,1.76550696605687,3.59376683631564,408.987455017958,325.576339520999,0.348845063721455,0.248310982574094,2.94953995925764,3.50656283524854,37
1026,20,403.320025728985,318.556820560283,0.213748839644445,0.147291462536763,3.677156901986,4.01318925082468,408.513161408278,325.511358650178,0.298867689679179,0.202678451842507,2.866227437022,3.46008361773149,31
1027,27,402.978644936607,319.87210045203,0.234964098272532,0.17354403288953,3.2430336776792,3.57635898997124,408.986825702354,325.328371948617,0.306485891313326,0.187766713294076,2.77130854637078,3.55842399812726,32
1036,40,390.829135955616,297.898039447833,0.583018485939436,0.337126761842811,4.62370359714657,4.99128312037349,403.626284411201,317.088016508828,0.155770457790566,0.277646069401155,4.28879307133347,1.75726006646003,34
1037,64,389.668074149627,303.625438019403,1.0330450169847,0.677109060672841,3.9088785282904,4.32758688936982,402.024675653003,315.142116200706,0.31526046914546,0.13715290210197,2.53336491070361,4.38389469643733,28
1038,109,388.717436731073,306.863376004625,1.18642997400119,0.822859150868428,3.56654720227574,3.67558601900057,399.535476497129,312.871717770923,0.220852198474203,0.183678864879385,3.32082365644674,3.23218369536837,24
1050,40,385.237343612533,305.906078941527,0.620515224619626,0.343198299364917,3.53431259909474,4.7475910953498,398.513005720409,314.233499533406,0.239999248921785,0.151693033807109,3.14369461519173,3.54861577730886,21
1051,51,384.464185667575,305.186488896544,0.542076810262255,0.330637359237746,4.80899696349999,5.72980888623768,398.380454347712,315.145256071646,0.217311267867861,0.109147299388461,2.93300786733989,4.30694196475148,21
1052,49,384.476947931778,305.42565178908,0.526307793268223,0.32648803810764,4.9152565608358,5.79871329017311,397.938671131621,315.351395729345,0.170168992710334,0.0932498646328995,3.0421560045499,4.10822038961132,18
1072,31,394.43497986327,313.52229909931,0.235055525319042,0.192520159931684,3.86812696003495,2.36189218401036,400.855377408439,321.566550972273,0.415022310467468,0.416675901337825,3.36757494266723,2.24410461211183,62
1073,17,397.238623463363,312.937768454025,0.2141027525715,0.0827071561164392,2.60517977291414,5.28996919727858,403.249051018571,321.974412692138,0.311085802544383,0.232158532053822,3.63148479283239,3.64276171922802,27
1074,18,397.808471251649,314.364924644924,0.194519386525867,0.108792013629861,2.95551537970432,3.43796577023778,403.297668738287,322.49977422503,0.236259499848414,0.181085426528151,3.76316126909017,3.12716187460405,24
1088,21,403.409493016668,324.745970111454,0.230095352469046,0.160127681985323,3.68596912377891,3.92203095011011,408.012367493112,334.570140064341,0.480387881164145,0.412092772176945,3.70178580272346,3.65822691159282,52
1089,29,405.620900315973,325.052541343802,0.223998754336824,0.148436015953566,2.67444672546606,3.3989161304541,408.732319818661,334.722957971041,0.280898753970905,0.2402707376449,3.13239227156322,3.65325781495588,48
1090,29,405.481002129475,324.950555162726,0.226680751062522,0.155350606895936,2.66029226127427,3.21730977650028,409.215391963572,334.56483866917,0.22800701362719,0.166065775052315,3.18093470029756,3.4046638933746,27
1104,24,416.88415324456,323.804111024394,0.195559475392468,0.191565212521767,3.98770008003353,3.30643610826742,423.894405803014,333.043615240794,0.32762657762897,0.237996334787298,3.24482906619425,3.44642624399233,33
1105,39,419.264560648157,325.933344173842,0.34552379506666,0.21217731683507,2.79572514528765,3.43351649860665,424.341531984507,335.534791636998,0.262351030339452,0.210123379623123,3.37404179396291,3.10203118536105,37
1106,44,419.931258781688,327.754042583624,0.332525186573751,0.25593838735417,3.34421855962763,3.52816770672679,425.88377768542,337.653312372834,0.235013027752875,0.213349336732032,4.06757923013669,3.18543614843815,30
1122,30,426.059145782842,329.176425380319,0.302259319087103,0.235011330321286,3.81050155628409,3.85274303019063,434.793237811808,336.631246787993,0.380612879265383,0.225254793988078,2.84375740699632,3.72857041869925,44
1123,24,426.004329798701,328.673949030741,0.229353500380562,0.193215828273857,4.14703428921734,3.6523137287914,434.45391064575,337.802876275507,0.346494310863337,0.233807117385622,3.50492403638679,3.95976698631956,33
1124,20,425.394135810211,328.335056488805,0.142064736272219,0.156204448116481,4.29909490312172,3.16605886231625,432.314340575551,336.863442240002,0.587604131909044,0.274646473450104,2.1559867907739,3.98997856828162,54
1133,25,430.776816445153,333.351603356966,0.230806099632041,0.169018116221429,4.48515864579331,4.47898807107285,435.78546509166,344.425629894625,0.670581138447998,0.554479678862312,2.41178133242599,2.23861984703382,81
1134,16,430.227920453309,336.818949366098,0.132429861172771,0.0673621490616446,3.51991171558526,4.62401704629269,434.058573919275,345.832683481116,0.390505698670065,0.247439519953258,2.86607258998046,2.92933428821138,44
1135,30,432.318711550303,338.245398914413,0.277774234552874,0.216371213246333,3.84600592545405,3.89659652982873,435.582360219981,349.028572993822,0.429244673436112,0.313566427995116,3.68561275892511,3.53508177251104,53
1144,48,438.351574824181,336.577341851212,0.36486893143763,0.252591130371952,2.73949216733402,2.8903279228062,444.093835198928,347.537812079244,0.354919984789431,0.317222992026181,3.94198967923176,3.18793543401453,43
1145,35,439.749461320269,336.99280855823,0.249025227869735,0.235652053362435,4.06911329122898,3.16830339985559,446.522678343337,345.968880387525,0.436742969739204,0.337702054673162,3.83720024523962,3.4023921200263,42
1146,34,439.799949375611,336.71952596525,0.183304236210604,0.205083643554084,4.35686662607914,2.85386237333738,447.013005923596,346.595357365751,0.339057114215108,0.185700281301349,3.58240688818905,4.74806894645174,33
1164,33,438.727192356573,339.713338094988,0.288232939519283,0.183847677383501,2.98511765481807,3.32711112191382,445.37116789574,348.940664350768,0.208841149099327,0.0984196342792533,3.65453298292615,5.94206935663578,17
1165,34,438.711654011602,339.080849038459,0.296946492446676,0.189558821425663,2.88872965415128,3.4932510857374,445.373258391263,349.970028787992,0.131694630015878,0.0807738841320507,4.36710152393422,5.51949555381825,12
1166,39,438.602475303366,338.673038316618,0.296430360912046,0.201276837438561,2.96822332349146,3.27663651287643,444.96531078396,350.942244908447,0.17865939732808,0.127321412955742,4.59103507294523,4.48142573275853,18
1177,29,431.768729988664,336.04105687073,0.223017072346186,0.203716203924652,3.49557581247337,3.17050494922751,441.644895682134,345.213708924298,0.330088818163283,0.284304898080002,4.21327880040795,3.87997972480266,36
1178,31,431.851095202173,336.465092497573,0.261826636239365,0.224101110956073,3.53303099755783,3.11106956286238,439.736458454377,343.28111851562,0.345354087668843,0.419489566624104,4.34317097459047,2.99131674089119,45
1179,23,429.818131469737,333.529124125555,0.248456855916107,0.184889992438946,4.43702142623563,4.20241188972697,439.507969850407,343.153492252365,0.421734415834612,0.316445064286109,3.33235922244706,3.45280643181774,54
1191,49,392.598257776058,299.730967754593,0.490503997331352,0.373937644325148,3.33270342535261,3.43068820091671,400.279229348193,294.482139697482,0.256259349712225,0.177409102743191,2.89641337108205,3.0850550385291,35
1192,57,390.203252124769,293.607807532455,0.362129073999171,0.26448754374267,2.9563896844432,3.1426040103984,396.697750739642,288.496682146522,0.353219570314888,0.234983196935854,3.30306792705619,3.68724886274181,32
1193,38,386.654397406024,289.362485390401,0.321125351160357,0.21452826860127,3.04225694246662,3.52121781708577,393.338539168695,284.639080993961,0.351782053169009,0.26973876663926,2.84967679742654,3.00195076335886,46
1210,28,368.994912223644,271.688721629362,0.179251278742013,0.13525519492131,2.2169328457079,2.22644296954694,370.372309711482,261.967774031083,0.507377927184713,0.345408725985355,2.73960328251936,3.25788386893492,48
1211,33,364.086004817796,271.364880945334,0.220602642020487,0.165077798760718,2.01922595895896,2.07259619081735,367.872458554559,262.507006123799,0.339581081650321,0.236415920242657,2.5653893495091,2.91384851452906,48
1212,31,363.908527114302,271.752311689561,0.162787280237453,0.182202039318194,3.36363698632262,2.25039344004855,366.576050183306,262.44588505692,0.221622929748673,0.215558849281832,4.03492562363569,3.26812203899364,32
1231,44,319.049018117194,286.124951856301,0.439276622996144,0.243878903155144,2.64891263342282,3.65195396702413,319.904815054848,276.465222458298,0.549661927706457,0.45859774725649,2.887830434069,2.48611173664959,96
1232,35,315.692380110392,286.228381951483,0.299019033085557,0.213235333985484,3.1530836472706,3.36842280485685,317.923316826257,276.223848476113,0.545240554022866,0.491126096793781,3.16721071296042,3.02539071478258,75
1233,29,314.293500039437,286.359307510492,0.246208906668972,0.153414552398786,2.96224290233478,3.13932025177958,316.853968136816,276.214159189049,0.542432758568727,0.504218179316095,2.5282338273446,2.06854030613398,90
1252,26,304.31559056322,278.545205482991,0.150991700046286,0.111109162767142,2.39473567588229,2.42991036075805,312.621733290778,271.568955472262,0.225376339384166,0.247654221103177,3.9462327546631,2.61884099128444,40
1253,26,305.039949942564,278.17882101605,0.166557499204178,0.150651368600559,2.91121678401465,2.44249956941635,312.355819226198,271.850100834115,0.155003226053924,0.146963246798319,3.98807498543412,3.08232092376106,16
1254,21,305.172976704065,278.169538562526,0.170442469203949,0.173685807000413,3.21750615851828,2.34334902110754,312.260273030624,271.684461484844,0.20957455173255,0.151652216428717,3.36602348518985,3.420946980845,21
1270,71,301.824114080422,289.178066012937,0.617666501542803,0.283794746393065,1.87498979003546,3.52958215043301,302.569830638348,278.968192118276,0.371640209214785,0.255394221030654,2.81993625010606,2.59160765266059,43
1271,64,301.646360811413,293.59868780861,0.548838798643806,0.297208057495921,2.61951545601597,3.13662622281435,300.934121574449,284.354707394305,0.43557432100968,0.271180160145392,2.27411959614949,2.65580471754442,62
1272,61,301.812073094038,297.696178082254,0.573271625600814,0.288826695280668,1.84498648725373,3.24669289149104,300.501956354693,287.276509399718,0.228222791008246,0.188718908530951,3.55498004207799,2.69258930776841,24
1285,20,303.887721376508,338.079068767589,0.153896591187036,0.128097411670178,3.23864688970677,2.89240622388105,296.264881601563,335.004612009776,0.28234934682811,0.211468960295042,2.97476130379921,2.76554258109674,36
1286,30,302.44823086317,341.246108228333,0.310300237546438,0.155957200252658,2.46440688557839,3.60736911669201,295.706104975277,336.934604777914,0.225278672142925,0.188452769438605,4.2240803696582,3.23231491279828,29
1287,34,300.228237535147,345.630057748757,0.269596467070095,0.192427692893782,3.09205030355824,3.11638091765833,292.459466522029,339.791924937052,0.450016560146751,0.187459829509978,2.26572547425957,3.03853133367484,37
1297,30,274.609426900317,372.030462216048,0.233710642709799,0.209450773815486,2.88695753090447,2.41391667635676,265.495384456485,368.925298302124,0.214039896970893,0.150063540432392,3.41676884120791,4.17361497430972,25
1298,22,269.998779759857,376.582980784378,0.190841843386644,0.149556248760943,3.79164064546005,3.51429171787279,262.95548944179,369.982517705717,0.22015507850427,0.138618200530961,3.15577444034299,3.81482902433329,17
1299,21,266.655691849653,379.16760126843,0.250502151834991,0.113037275967245,3.13135364800679,5.31555105258973,259.884419196695,373.044825168906,0.169183736041058,0.170937646425689,5.23495340928697,3.35269916788141,22
1314,49,262.096461037682,423.626554925015,0.471705219023076,0.250453790323631,3.15460701791514,4.17285974128977,253.708931988038,425.871938550312,0.142959546460322,0.0744908037442174,4.15337285689043,5.70802260220818,15
1315,37,263.307511601643,427.134429711333,0.512844896406961,0.297138117026964,4.31069143525608,5.70303978769488,255.621793647424,429.368746347942,0.235409000109242,0.174127501789088,3.40529039543912,3.08344682835205,25
1316,49,266.028477498786,428.591998004008,0.596233861904209,0.363193789491738,2.86667924255076,3.70094445901557,258.374093050005,428.592885275885,0.228707989313422,0.133386250649465,2.90890268254535,2.60569038295372,16
1326,48,297.573679917845,425.133522942198,0.344020251548101,0.286820204988804,3.37359256578993,2.90877270102289,293.231234558135,430.481830564704,0.358135252603245,0.182154502954275,2.02541028453055,3.2694448670044,39
1327,43,300.816388723415,424.884145861415,0.431106600551612,0.300959247674772,3.01562526542456,3.19282537950288,296.170100649636,429.868586518556,0.383613771394321,0.189289482390479,2.44823003303908,4.00860727757768,31
1328,55,304.38473967516,424.555662614238,0.566405516528583,0.326348665904004,2.1198226329582,2.86507134701442,298.564643273984,428.604302005083,0.17515515002697,0.13813343962812,4.51050020502276,3.13305343146624,19
1346,35,325.016993646031,445.957469996419,0.550274019414241,0.242715374332747,3.1578317133283,5.64698352887995,315.719153156144,451.198383429002,0.434849029693009,0.189322226760491,3.34099623425134,6.12094260834891,22
1347,36,324.766950314521,446.311124049702,0.494580934379932,0.211212788205524,3.13458081374829,5.70672405487605,314.651807514571,451.392447485048,0.485470144602823,0.209903310561333,2.93869332859952,5.41878933486468,29
1348,22,322.838913126883,445.565501351598,0.267817064886871,0.140403270964875,4.2329791933172,6.06676669775376,313.872857120491,449.1475625785,0.442555401659792,0.182285725363728,3.32062610130484,5.91626571587503,26
1364,17,299.586312304494,439.326094270766,0.171135330830719,0.112341676539289,2.84165017655892,3.50096442822837,289.91361408118,431.949843065717,0.205894113452774,0.078094023358235,2.81435210409037,5.67880478807249,14
1365,14,293.637330008433,439.871294115473,0.144189238155229,0.0857369545101727,2.22246078513514,2.22754352003779,285.731961729223,429.900667544376,0.143701260128721,0.160621298290945,5.44805414473394,3.40944952208644,14
1366,10,290.754906188164,434.804484686336,0.105423525134095,0.0314805102051336,2.53991503733826,7.19072077384253,284.441659937217,429.199531740066,0.170904439131677,0.139657737236378,4.60948114634671,4.24737159097874,18
1382,2,264.413569641572,432.732428355784,0.0358284987511503,0.00208029865778307,0.61857940577781,9.44345944352771,255.709295528307,431.715923431412,0.159941979968622,0.0701963908630937,2.54284992309839,4.44904533201929,11
1383,7,261.288010314319,436.943278449764,0.126945825496786,0.038614168721794,1.86922895739121,4.64725788015065,256.234717856946,429.543668745584,0.14890946706228,0.143155539285147,4.60604525615839,3.42285863509039,18
1384,5,262.335066079912,435.395671855705,0.0890098494027405,0.0264507723158038,1.24408060047338,6.06014655160786,250.913354148688,429.487441600615,0.186753985644981,0.113599244001786,2.2716882168801,3.0138054949323,18
1400,0,320.5,240.5,-0,-0,319.5,239.5,320.5,240.5,-0,-0,319.5,239.5,0
1401,12,49.7081097968139,480.164474035891,0.041446903033223,0.0649326770410253,1.93217674251591,1.41029860466752,320.5,240.5,-0,-0,319.5,239.5,0
1402,0,320.5,240.5,-0,-0,319.5,239.5,320.5,240.5,-0,-0,319.5,239.5,0
1420,17,240.941371542445,449.783931119258,0.271290294951652,0.148482857056601,4.70701965252202,6.10571876939024,234.891287332097,444.989943206317,0.335403406035906,0.117128264699194,2.36906290439585,6.1517946580999,21
1421,17,240.076932847877,446.936042711802,0.199937398316239,0.0904288170885418,3.99590761973228,6.28565544940354,230.410256116473,441.767881513074,0.28733704627733,0.10435247053684,3.218125078312,6.69118499989594,19
1422,11,237.590781852815,445.783888334131,0.0895741249420216,0.0714221253471552,4.97358418353469,4.47326541538236,229.415863277905,441.984023219269,0.133115814244371,0.0979854518474419,4.39066437766839,4.25727870935452,12
1430,3,233.828949460628,446.556819418261,0.0388746842424271,0.0156785258263805,1.67720503993942,5.81400474571053,226.332785666562,432.704740165791,0.303275861955085,0.151018403119225,4.21954160413752,6.34550415798741,16
1431,4,234.52909050747,437.999263820808,0.0387620596075817,0.00637595268080932,1.76426469294523,10.2804894128741,226.384085761493,432.246078383453,0.296783100142795,0.140739678392231,4.04733354062058,6.0566788764761,19
1432,6,230.410995444257,440.498850872587,0.0403991513182214,0.032724572151073,6.27964868981457,5.57079259513804,226.296540445183,431.709786739603,0.332539324463138,0.215036769143745,4.62144843217268,4.90706346123277,27
1451,31,237.862512340306,444.96854722006,0.46044428969558,0.182013296809208,3.12774974861008,5.94298678666357,229.536210187624,440.652324634571,0.270985692291915,0.18539260078959,4.81753344670682,5.28248529984844,25
1452,33,237.948990486402,446.101231396901,0.38338574553581,0.200086479061288,3.26442436351846,4.7486299010283,229.87835559571,440.360948241872,0.101016728074094,0.0688845789012305,4.39928312555335,4.75997584940977,11
1453,32,237.983955081326,445.722065281396,0.412301009971894,0.243369453038382,3.29737970007278,4.60913694352857,229.907388500172,440.147688050808,0.140972387058452,0.0939429418662575,4.40074144288907,4.90764659543543,12
1469,21,234.432892818367,447.283964892612,0.189890973674087,0.15146966939396,2.26125913400341,3.34357844955161,229.799723310728,440.762479351778,0.106134599694329,0.0709405168474265,4.86309532615278,5.39228973659151,13
1470,22,236.545497514451,447.442101639002,0.123188931001558,0.160676448606914,5.66498926492658,3.07486471796277,230.702531829696,441.587046093979,0.101995162327645,0.0691770901662349,4.41220053986766,4.92767192282956,11
1471,14,236.864237909718,445.451703168859,0.114007911335567,0.0908685287772916,5.06527882500914,4.77026983331038,229.723388035782,442.062200469058,0.137028296872927,0.111377343485531,4.37384725619648,3.6076103052413,13
1484,13,236.529890728445,446.636029570746,0.118387417803703,0.109809792362258,4.96844427268024,3.69020996912047,228.821258772293,439.838114976567,0.248587491762386,0.0882741470671409,3.28252547840676,7.71436618802257,14
1485,12,235.951581950132,446.554397547898,0.09424657825679,0.0754653658115816,4.08299092572001,3.26444862369287,228.819040037889,440.589127031335,0.098165331816194,0.0920595005337953,6.10935976059833,4.53008238156455,9
1486,11,236.04767731642,446.840511615509,0.0974574900646216,0.0837679017047322,4.0454098474204,2.95083118638364,231.620835144407,433.201094615123,0.146793225242339,0.111801492218062,2.89951384870267,2.48971012801686,11
1496,19,233.803616815033,446.895431607909,0.200767947390064,0.127935395923114,1.36396446581232,3.62297073635679,228.094826558367,440.467794284051,0.326442444675483,0.17790972797692,4.00117131976032,5.87789985295064,19
1497,22,236.107520995817,446.826594291723,0.102548806826742,0.128917436534358,5.78938954307445,3.4738560564186,228.341230620611,442.735179199679,0.381508253188845,0.21320428645391,4.11593139996361,5.75676338262621,23
1498,27,238.363577953574,445.19215552592,0.334105016742826,0.192377541426152,2.96123131590574,4.0082203484797,229.103121848223,442.869720657907,0.365405758516696,0.233727195842689,3.90074331067459,4.97951540996186,25
1506,29,238.059963553356,445.173140521208,0.322440826980724,0.195349721522697,3.20074714764381,4.00438092605629,228.874732671286,443.691452260257,0.176960016833859,0.15038568152343,5.60990541840299,4.53904534831004,18
1507,23,238.100202777233,444.864558297452,0.249094215584342,0.15251699798221,3.49900858869399,4.0902835109656,229.470377266495,441.391381579964,0.177813301195636,0.114046568488822,4.43217918347186,4.50528236954301,15
1508,33,240.684889111974,445.738852844358,0.36342753835964,0.293135114524492,4.29700552947484,3.82378983189249,230.409247794842,444.796194193093,0.256780454501663,0.0731617799964581,3.07024540828002,7.64220444458194,15
1521,46,308.271631148437,419.464913151936,0.399036614388555,0.237908084773321,3.33183150483982,4.2262086633029,307.983023201483,46.5343560574199,0.100562660142572,0.0645129204664129,2.13596141088423,2.84264973392922,9
1522,42,312.45938441365,418.997658897798,0.473391002161412,0.277878265896196,3.73913759073327,4.33866824605123,311.630303290944,425.739339037004,0.121764542256407,0.118032990452144,4.88767876678136,3.5751027853478,16
1523,48,315.562856428234,418.807848245305,0.535993935142926,0.304849061855965,3.30322739015115,4.45988669489149,312.974828970859,425.811883784319,0.13587793593704,0.125045251963465,4.2743693882753,3.38257622228858,15
1539,56,382.626516371815,408.615100647567,0.52638139582966,0.379725621156432,3.17632182286889,2.91064189257835,382.183981558047,416.234464224335,0.190328929886501,0.135486478558239,3.02863822285423,3.21968039552023,16
1540,37,387.730741263898,409.243948616291,0.364103298980572,0.344361944157905,4.15400144433821,3.23758374479555,386.139702536497,418.711031275404,0.304580612146883,0.2036664754708,2.78968627055377,3.66154646118646,28
1541,34,419.622638663122,402.740778286097,0.471974717541832,0.287615652960728,6.40257921022208,11.9131862353358,390.024949088078,419.139732301631,0.418652916476367,0.240568076748355,2.13414537510536,2.91107169046109,46
1746,62,414.154717316305,402.693071305867,0.812734320777493,0.423744301528984,2.77399779334606,4.45788401602203,408.727249680194,408.915533614071,0.258268682035806,0.153596225212331,4.2495699031068,4.80256542927162,27
1747,44,410.335255095132,399.389260949531,0.511971714987695,0.28560456107683,3.11862963164804,4.43616843745532,403.793658314035,406.091345798664,0.432509107693675,0.284788025996675,3.17146672803624,3.41421190568017,42
1748,32,408.797617590305,402.577660077098,0.328657347107106,0.240732330417694,3.60728922609584,3.64071771703058,400.774606308716,405.818249664016,0.364518622673736,0.323729939187112,4.08554998665429,3.57336747084834,39
1757,24,406.185495156992,427.213072738083,0.284429940176855,0.107549276033274,3.08626348709751,7.15472421761558,396.171453709124,429.049088183305,0.162068559387501,0.0920070625355442,3.26016537941934,4.29429249686099,18
1758,27,407.10850892961,429.301771180962,0.374749414485402,0.148496354759824,3.20422083294232,6.59490989369657,401.528955274439,430.589223463239,0.0836359182825095,0.0366501556380759,3.03969811049567,5.73784210670776,8
1759,13,408.940231405785,429.038170481895,0.124152015177729,0.0795631031597454,4.79870377226108,5.02077832894639,400.703065478789,430.054457844462,0.0739997982129825,0.0450904574741466,3.58045230746914,4.58566555443647,8
1774,0,320.5,240.5,-0,-0,319.5,239.5,294.386935017126,70.6641110576831,0.0227640076981183,0.0451842479597548,7.4340965784101,1.9937264142654,4
1775,7,49.9794815657938,801.290926756157,0.0297742852166968,1.97407367522913e+57,1.60754218162948,27.6297061172541,54.5049096810486,1371.38843458002,0.0135281257113323,4.96460783006352e+68,1.86183935932722,69.9193908551752,2
1776,1,307.000578470725,85.1652532446219,0.00351886108557489,0.00644028837766583,2.06123633142105,0.976547365671547,286.26391611073,66.2232554220033,0.0170030032454398,0.0100440562472108,1.31076375416634,1.76170463918979,1
1795,2,259.684699627369,38.5215289326575,0.0563721064684532,0.00460563232587626,0.932922473289802,8.82172880899744,299.941264980462,68,0.0356786437267269,0.00111492327540643,1.83452435410813,14.4269401269166,1
1796,7,49.979493065637,1048.39315187378,0.0298142561678149,1.23453653339252e+103,1.60326869737631,36.6385393753061,301.312613279308,1183.06486336871,0.027952226294424,3.35487328195567e+55,0.878888705117058,61.1485184464778,2
1797,2,332.136754092297,67.3919438435542,0.00508185527587197,0.0155563023640793,1.89437924280122,0.649142297542226,317.657023144308,53.9811429540566,0.084393294627769,0.0379020916577095,1.86451592413902,3.22068341641867,6
1807,0,320.5,240.5,-0,-0,319.5,239.5,380,48.7652251630145,0.000641816355215544,0.00191823198606094,12.0112240878645,2.04112786586181,1
1808,12,50.3039597322619,746.407343359644,0.0515462179148953,8.9489122135675e+40,1.96165845843538,27.0634069670491,333.832552669215,49.3571127597142,0.00169478563131961,0.0126836938817233,8.48412573455852,1.07114058067391,1
1809,0,320.5,240.5,-0,-0,319.5,239.5,335.129194570718,48.8897318024807,0.00743091960323627,0.00976818182046737,1.66399270393879,1.23120239049866,1
1819,1,320.5,240.5,1.47178825021748e-05,1.1534493252858e-05,319.5,239.5,320.5,240.5,-0,-0,319.5,239.5,0
1820,0,320.5,240.5,-0,-0,319.5,239.5,345.516211342768,32.2399306532089,0.0115513150911694,0.00477939327587001,1.10773397204924,2.07383987562431,1
1821,2,433.398548209344,19.3993107053278,0.0154013452101587,0.00432412828744316,1.77386332040354,2.31798892567373,320.5,240.5,-0,-0,319.5,239.5,0
1836,0,320.5,240.5,-0,-0,319.5,239.5,404.454196851574,26.0094733814672,0.0124494568009581,0.00430676651148144,0.942971607228746,2.65552347969011,1
1837,5,49.8042335027415,1792.09387846169,0.0195197354771033,2.88065162270046e+269,1.56478865709122,52.5207689481838,54.2578087114411,479.189424313523,0.0140625681996932,0.0136554671407646,2.05757593212737,2.24376864130207,3
1838,2,495.58551542673,40.5364037866084,0.00463385302903984,0.0102892833600153,5.09728489848895,1.66425125935,320.5,240.5,-0,-0,319.5,239.5,0
1848,0,320.5,240.5,-0,-0,319.5,239.5,515.671856304602,54.9283365608873,0.0065855757487494,0.00657466011737773,2.25337193942521,1.55531563337887,1
1849,7,49.9812697645378,494.017710307115,0.0298266026717521,8.1832732914724,1.60194231614005,6.03120758951842,54.5138974155861,1265.42743183568,0.0135356531280036,7.34473122227306e+61,1.85973188468668,64.8256777176788,2
1850,1,320.5,240.5,1.47178825021748e-05,1.1534493252858e-05,319.5,239.5,320.5,20,1.56980159872208e-05,0.000384124595635163,319.5,6.90645385052209,1
1859,0,320.5,240.5,-0,-0,319.5,239.5,586.788295361256,35.1291916126524,0.00598545413438254,0.00558178509774408,2.0323248088089,1.65882711801809,1
1860,1,320.5,240.5,1.47178825021748e-05,1.1534493252858e-05,319.5,239.5,536.96167811041,67.9999999975504,0.00670643142781918,0.008760176360394,2.40901884170745,1.38976067086246,1
1861,1,320.5,240.5,1.47178825021748e-05,1.1534493252858e-05,319.5,239.5,580.699620201402,53.748393408436,0.00954839970758599,0.00874681123024429,2.87092067562425,2.28563252168405,1
1876,0,320.5,240.5,-0,-0,319.5,239.5,320.5,240.5,4.86289904147367e-06,5.88712021922828e-06,319.5,239.5,1
1877,0,320.5,240.5,-0,-0,319.5,239.5,320.5,240.5,-0,-0,319.5,239.5,0
1878,1,320.5,240.5,1.47178825021748e-05,1.1534493252858e-05,319.5,239.5,320.5,240.5,-0,-0,319.5,239.5,0
1890,2,570.336397745415,107.8375120986,0.024759572171928,0.00732062338169378,1.53489824435213,3.04550933956062,609.33757042672,142.37256655885,0.00539172065847942,0.00375444402839251,0.671300795707824,0.748481191234001,1
1891,7,570.001572454243,1559.82544468841,0.0440322082184323,1.93035785490469e+197,1.79484189143775,50.4812015251041,54.5057905560858,683.585627932033,0.0135353893885651,101540271897860,1.85984636161133,33.6481676419695,2
1892,1,320.5,240.5,1.47178825021748e-05,1.1534493252858e-05,319.5,239.5,588.835737194962,133.469435792124,0.0223692291868544,0.00668826438209193,1.90823576699883,4.88667995854125,1
1904,0,320.5,240.5,-0,-0,319.5,239.5,632,160.765270583925,0.000842631575107421,0.0188118898429773,29.2084997449458,1.22750817879938,1
1905,7,50.2440757636766,493.989762922843,0.0305495874684326,6.62567559932601,1.49127778605256,6.11659397814747,45.0000000025009,480,0.008582202540045,0.017187606640671,1.68810582857634,0.322890225705365,3
1906,0,320.5,240.5,-0,-0,319.5,239.5,582.410417828995,129.269077327609,0.00649226363236639,0.0204496520545759,6.57086151667498,1.50069642810093,1
1920,1,320.5,240.5,1.47178825021748e-05,1.1534493252858e-05,319.5,239.5,557.151323885445,180.735395165618,0.00617957220657314,0.00874993805014862,1.61760469809403,0.746157788324155,1
1921,7,49.9812697645378,494.017710307115,0.0298266026717521,8.1832732914724,1.60194231614005,6.03120758951842,54.5041863183039,479.075173818322,0.0135190516908707,0.0115940802397651,1.86432913147547,2.33360760234795,2
1922,0,320.5,240.5,-0,-0,319.5,239.5,320.5,240.5,-0,-0,319.5,239.5,0
1936,0,320.5,240.5,-0,-0,319.5,239.5,605.520361354158,274.04292920221,0.00854242940824222,0.00871091703526173,2.31791750211916,1.6986483325971,1
1937,9,50.3504813150773,479.990450481649,0.0381724370383249,0.0531176394456384,1.90164920587637,1.42905287080895,605.239930598932,480,0.00637252465932728,0.000209517830855055,2.07383967938539,110.446683033269,3
1938,1,320.5,240.5,1.47178825021748e-05,1.1534493252858e-05,319.5,239.5,605.239930598932,274.516211513172,0.00637252465932728,0.00866348649357881,2.07383967938539,1.10773392807076,1
1948,0,320.5,240.5,-0,-0,319.5,239.5,632.719428728599,306.483787065601,0.00622009484237173,0.00866348796619044,2.17793393484401,1.10773355841305,1
1949,0,320.5,240.5,-0,-0,319.5,239.5,320.5,240.5,-0,-0,319.5,239.5,0
1950,1,320.5,240.5,1.47178825021748e-05,1.1534493252858e-05,319.5,239.5,320.5,240.5,-0,-0,319.5,239.5,0
1958,1,320.5,240.5,1.47178825021748e-05,1.1534493252858e-05,319.5,239.5,320.5,240.5,-0,-0,319.5,239.5,0
1959,3,49.6877897843046,0,0.00932704963314335,0,1.03378003467053,0,45.0000000255212,480,0.0085841184953058,0.0187500753084381,1.68735445744279,0.317186697538628,3
1960,1,320.5,240.5,1.47178825021748e-05,1.1534493252858e-05,319.5,239.5,320.5,240.5,-0,-0,319.5,239.5,0
1973,1,320.5,240.5,2.60199118361501e-05,2.64091425343246e-05,319.5,239.5,320.5,240.5,-0,-0,319.5,239.5,0
1974,0,320.5,240.5,-0,-0,319.5,239.5,320.5,240.5,-0,-0,319.5,239.5,0
1975,0,320.5,240.5,-0,-0,319.5,239.5,320.5,240.5,-0,-0,319.5,239.5,0
1993,0,320.5,240.5,-0,-0,319.5,239.5,320.5,240.5,-0,-0,319.5,239.5,0
1994,5,49.8031586282523,1166.20234052712,0.0195359326905746,2.28480340945452e+139,1.56220854585981,38.0898936051199,54.2578087114411,479.189424313523,0.0140625681996932,0.0136554671407646,2.05757593212737,2.24376864130207,3
1995,1,320.5,240.5,1.47178825021748e-05,1.1534493252858e-05,319.5,239.5,320.5,240.5,-0,-0,319.5,239.5,0
2012,1,320.5,240.5,1.47178825021748e-05,1.1534493252858e-05,319.5,239.5,320.5,240.5,-0,-0,319.5,239.5,0
2013,8,49.8907378508737,1019.78773778402,0.0301042436415332,5.45095335937538e+102,1.67918175420746,34.859368076498,54.7299921225222,479.105144220277,0.01404299669329,0.0133506329593072,2.00768216825621,2.27128566024011,2
2014,0,320.5,240.5,-0,-0,319.5,239.5,320.5,240.5,-0,-0,319.5,239.5,0
2026,1,218.731318607658,240.5,0.0147015173884484,5.40235495676896e-05,0.659348124092855,239.5,320.5,240.5,-0,-0,319.5,239.5,0
2027,7,49.979493065637,1048.39315187378,0.0298142561678149,1.23453653339252e+103,1.60326869737631,36.6385393753061,54.5041863183039,479.075173818322,0.0135190516908707,0.0115940802397651,1.86432913147547,2.33360760234795,2
2028,1,320.5,240.5,5.20398236723002e-06,5.37958038886851e-06,319.5,239.5,320.5,240.5,-0,-0,319.5,239.5,0
2040,0,320.5,240.5,-0,-0,319.5,239.5,320.5,240.5,-0,-0,319.5,239.5,0
2041,7,50.2440757636766,493.989762922843,0.0305495874684326,6.62567559932601,1.49127778605256,6.11659397814747,45.0000000025009,480,0.008582202540045,0.017187606640671,1.68810582857634,0.322890225705365,3
2042,1,320.5,240.5,1.47178825021748e-05,1.1534493252858e-05,319.5,239.5,320.5,240.5,-0,-0,319.5,239.5,0
2058,0,320.5,240.5,-0,-0,319.5,239.5,320.5,240.5,-0,-0,319.5,239.5,0
2059,7,49.979493065637,1048.39315187378,0.0298142561678149,1.23453653339252e+103,1.60326869737631,36.6385393753061,54.5041863183039,479.075173818322,0.0135190516908707,0.0115940802397651,1.86432913147547,2.33360760234795,2
2060,0,320.5,240.5,-0,-0,319.5,239.5,320.5,240.5,-0,-0,319.5,239.5,0
2069,0,320.5,240.5,-0,-0,319.5,239.5,320.5,240.5,-0,-0,319.5,239.5,0
2070,7,49.9812697645378,494.017710307115,0.0298266026717521,8.1832732914724,1.60194231614005,6.03120758951842,54.5041863183039,479.075173818322,0.0135190516908707,0.0115940802397651,1.86432913147547,2.33360760234795,2
2071,0,320.5,240.5,-0,-0,319.5,239.5,320.5,240.5,-0,-0,319.5,239.5,0
2091,1,320.5,240.5,1.47178825021748e-05,1.1534493252858e-05,319.5,239.5,320.5,240.5,-0,-0,319.5,239.5,0
2092,7,50.2413027819471,1069.04035307543,0.0304860987694752,1.35045810463324e+104,1.49749738857856,37.7790503908749,45.0000000025009,480,0.008582202540045,0.017187606640671,1.68810582857634,0.322890225705365,3
2093,0,320.5,240.5,-0,-0,319.5,239.5,320.5,240.5,-0,-0,319.5,239.5,0
2105,0,320.5,240.5,-0,-0,319.5,239.5,320.5,240.5,-0,-0,319.5,239.5,0
2106,7,49.9812697645378,494.017710307115,0.0298266026717521,8.1832732914724,1.60194231614005,6.03120758951842,54.5041863183039,479.075173818322,0.0135190516908707,0.0115940802397651,1.86432913147547,2.33360760234795,2
2107,0,320.5,240.5,-0,-0,319.5,239.5,320.5,240.5,-0,-0,319.5,239.5,0
2126,27,501.587901733403,150.680636857166,0.280679828342628,0.221638568734616,3.38692490698817,3.60387287424429,494.544124431153,157.910656883628,0.300202964924122,0.353508423510555,4.88935807148092,3.02098180162007,44
2127,11,501.530876436227,155.715996199903,0.0796265180032276,0.112006846232163,4.55015546870492,1.95010331820993,494.366843096538,161.083964345734,0.483162119293856,0.403730844494582,3.28357851451326,2.74362489772867,49
2128,7,504.259114818044,155.4941734255,0.0421835079429119,0.0504968314400308,6.57719465742302,3.85397886607649,497.291001623417,161.432334171192,0.548064313930477,0.603626066707256,4.19564744280569,3.11807659267855,61
2143,9,513.427974300819,153.77425941848,0.0605224724925835,0.049473711812233,3.68058508201522,2.53741131425154,508.408904149552,164.781999702828,0.415044765550491,0.327194285143786,3.9610761201081,3.76108409374169,39
2144,9,512.672340150878,155.165933488541,0.0789721233703314,0.0516421602873556,3.9626260753932,4.68096664733903,510.103154281032,165.233168546459,0.360464850138121,0.347903797333688,5.29342224692887,4.1717006860388,31
2145,27,513.932273448764,155.215652529026,0.25823342471794,0.152672108800481,2.92261529426496,3.9122147636127,512.761510019164,163.840527748544,0.477788027136257,0.494873186529373,3.6891344843685,3.03520670358483,56
2163,11,532.722783439916,156.806990861856,0.0706549313123542,0.0723196432432552,5.11003065491295,3.68626271710122,320.5,240.5,-0,-0,319.5,239.5,0
2164,19,534.066359399167,158.589470486261,0.181764897855135,0.09277560828274,3.4269743606899,5.18139279936287,320.5,240.5,-0,-0,319.5,239.5,0
2165,2,531.21266972782,157.397018792497,0.00718194953070083,0.0112885494772787,1.41527588395396,0.649055539306693,320.5,240.5,-0,-0,319.5,239.5,0
2177,17,555.310984473994,159.346799959563,0.143685113323703,0.133313251802859,4.37222802516352,3.57685820425229,552.687579379288,167.934708814305,0.173654538632961,0.144153780851851,4.37203447338992,3.88575137881631,15
2178,0,320.5,240.5,-0,-0,319.5,239.5,553.341724265258,170.282595170135,0.104457140019398,0.0838767023862341,3.56395958629666,3.44377044138285,12
2179,4,555.725745792389,159.978987086572,0.0154589028729287,0.005153513680699,2.02904134703981,4.70539101581345,553.196783147853,169.549671157673,0.0938842197769309,0.0678912853150912,3.57260244543934,3.93701928311736,12
2193,0,320.5,240.5,-0,-0,319.5,239.5,320.5,240.5,-0,-0,319.5,239.5,0
2194,7,49.979493065637,1048.39315187378,0.0298142561678149,1.23453653339252e+103,1.60326869737631,36.6385393753061,54.5041863183039,479.075173818322,0.0135190516908707,0.0115940802397651,1.86432913147547,2.33360760234795,2
2195,1,320.5,240.5,1.47178825021748e-05,1.1534493252858e-05,319.5,239.5,320.5,240.5,-0,-0,319.5,239.5,0
2208,0,320.5,240.5,-0,-0,319.5,239.5,561.083855421998,194.798376060163,0.0593976273215072,0.109442150251233,4.43573892256304,1.92997905372459,10
2209,9,49.8153153049459,1635.85162886352,0.0299191902417487,3.31184766582633e+300,1.63653477131049,43.8420485927763,558.087046866417,194.457271327021,0.027610261994672,0.0503445347393088,6.06686179491844,2.52998997941814,7
2210,9,566.930760994697,182.413939522153,0.0465871393789209,0.104210220928012,5.9565251326158,1.74067011020107,565.06605488312,193.838617985613,0.139378185625416,0.171729683242369,6.36411376808227,3.88876935033841,14
2220,13,565.689799593119,184.056996614189,0.137951299357995,0.110828831415168,4.13274802512857,4.03421980017501,320.5,240.5,-0,-0,319.5,239.5,0
2221,17,50.4250605956911,1286.99331969746,0.0693017697338244,3.88925561207828e+127,2.23375866823308,46.9076222238079,320.5,240.5,-0,-0,319.5,239.5,0
2222,0,320.5,240.5,-0,-0,319.5,239.5,566.499763088011,194.119820905006,0.113960340088713,0.134941309066554,4.38735043301691,2.53894821711251,11
2243,9,561.748724404358,174.100580620886,0.0789162072883626,0.0817566008100702,4.34645781328515,3.28635814858697,553.178647343684,168.481115275081,0.0592935518995715,0.0928627670634922,4.09398013714199,1.69028712741137,9
2244,7,-3.04410767544827,176.92609061007,0.00103354952284687,0.0373567627604094,101.014973132925,1.12050866149504,547.786090860226,171.878713157696,0.0639503501376695,0.102511471600068,7.9092150920387,3.49714273122269,11
2245,1,320.5,240.5,1.47178825021748e-05,1.1534493252858e-05,319.5,239.5,320.5,240.5,-0,-0,319.5,239.5,0
2257,16,511.292645901701,165.589711463074,0.147674749621048,0.138932396103429,5.01455319335549,3.95760831787084,507.983306633383,158.881044404563,0.403394007355345,0.507364247181559,5.20777636879372,2.60448058291207,48
2258,25,509.283579373587,166.689051621752,0.218923882359637,0.249562006505071,5.10899400155955,3.48787398527843,503.943672868608,160.635373979096,0.243404801088443,0.204240902294628,3.64834094125457,3.12230173600114,20
2259,15,508.465396887575,167.475691277665,0.161340376224289,0.0802492426106164,3.42555576117718,5.31361546929464,503.936238364477,159.602938099385,0.331640341842767,0.357034713338918,4.47290562333958,2.99292429559066,42
2275,18,482.809165020539,197.446989378456,0.204732493466098,0.156970695674748,3.69368820659342,4.35701468964938,320.5,240.5,-0,-0,319.5,239.5,0
2276,12,499.395328587736,198.430248230481,0.0421304579059207,0.119469697771981,21.1347035162524,5.30583949873953,476.085691919864,200.477726490386,0.101435423281702,0.166673748422061,5.18799292504262,2.37283244422357,18
2277,31,487.31158416689,199.413764325588,0.238575598730918,0.338718934477039,3.20191491366679,3.31320835361958,320.5,240.5,-0,-0,319.5,239.5,0
2295,28,514.460476498792,220.979694532825,0.28165760475478,0.203197762202007,3.34510180297542,3.59316112448583,513.630035491085,229.666780367519,0.158060066648341,0.187946192620461,4.69542383048175,3.10735382193324,19
2296,32,514.390514258682,221.650839148165,0.314981171244277,0.222714344215447,2.92555216716925,3.1706870056998,510.336076226517,230.332516332131,0.0831168819187973,0.144192089459518,6.25382605634425,2.27838843121618,15
2297,31,514.078861751582,221.033266443302,0.32169015061444,0.224017451850241,3.4510607602949,3.76914802407176,511.938911860444,230.671445372315,0.204196027823076,0.175970780169789,4.54948290595662,3.79149700300805,26
2305,8,512.09802179607,215.135367138095,0.0661091366691589,0.0611901859623382,1.38599317491868,0.903768262602376,520.99241422969,224.376835753813,0.175636522010732,0.190701669832889,5.27791564466653,3.47494748038305,20
2306,7,512.800369421155,216.821217820453,0.0614495531023891,0.0218514405295011,1.80109658445059,4.40988695723978,521.129372260977,226.592107428417,0.0700981516382777,0.139367522154012,4.65251485740865,1.31632078316255,12
2307,37,513.677521581032,216.411861148422,0.264830207271528,0.186697466244548,3.47645893990012,3.55453431731777,518.909282047954,223.782651374199,0.291627555901485,0.24284402183941,4.21385844016134,3.78270624330948,26
2328,7,508.092322433759,245.225938548295,0.0472213106691748,0.0598532456715932,3.29517502242913,1.86148799767951,320.5,240.5,4.86289904147367e-06,9.79133115358007e-06,319.5,239.5,1
2329,6,512.903373342457,1596.18607802523,0.0285488280989827,3.50734848771176e+255,1.60947619585493,45.8781770330255,501.550901875671,249.790905421171,0.0584341450372599,0.0764987395963387,4.09449082694874,2.12174753344247,7
2330,8,521.68025473718,248.009052488773,0.09242285504237,0.0634761439781856,3.19411479520722,3.68235145588051,508.178470521884,249.650051253593,0.0754173766965446,0.0904975508833938,5.98433780033278,3.89456438171794,8
2344,0,320.5,240.5,-0,-0,319.5,239.5,320.5,240.5,-0,-0,319.5,239.5,0
2345,5,49.8038000093485,496.472500798937,0.0196045818103334,47.9194579289331,1.55127646326738,6.00115879422706,45.5968180105617,480,0.00884561330328378,0.00781497999365121,0.685689791454821,0.394124007946614,3
2346,1,320.5,240.5,1.47178825021748e-05,1.1534493252858e-05,319.5,239.5,320.5,240.5,-0,-0,319.5,239.5,0
2358,1,320.5,240.5,1.47178825021748e-05,1.1534493252858e-05,319.5,239.5,320.5,240.5,-0,-0,319.5,239.5,0
2359,1,320.5,240.5,1.47178825021748e-05,1.1534493252858e-05,319.5,239.5,320.5,240.5,-0,-0,319.5,239.5,0
2360,0,320.5,240.5,-0,-0,319.5,239.5,320.5,240.5,-0,-0,319.5,239.5,0
2370,0,320.5,240.5,-0,-0,319.5,239.5,320.5,240.5,-0,-0,319.5,239.5,0
2371,7,49.979493065637,1048.39315187378,0.0298142561678149,1.23453653339252e+103,1.60326869737631,36.6385393753061,54.5041863183039,479.075173818322,0.0135190516908707,0.0115940802397651,1.86432913147547,2.33360760234795,2
2372,1,320.5,240.5,1.47178825021748e-05,1.1534493252858e-05,319.5,239.5,320.5,240.5,-0,-0,319.5,239.5,0
2385,0,320.5,240.5,-0,-0,319.5,239.5,320.5,240.5,-0,-0,319.5,239.5,0
2386,7,50.2440757636766,493.989762922843,0.0305495874684326,6.62567559932601,1.49127778605256,6.11659397814747,45.0000000025009,480,0.008582202540045,0.017187606640671,1.68810582857634,0.322890225705365,3
2387,0,320.5,240.5,-0,-0,319.5,239.5,320.5,240.5,-0,-0,319.5,239.5,0
2401,1,383.503733897011,240.5,0.00515525234418295,6.26310844487993e-05,3.02661673148853,239.5,320.5,240.5,-0,-0,319.5,239.5,0
2402,0,320.5,240.5,-0,-0,319.5,239.5,320.5,240.5,-0,-0,319.5,239.5,0
2403,0,320.5,240.5,-0,-0,319.5,239.5,320.5,240.5,-0,-0,319.5,239.5,0
2412,0,320.5,240.5,-0,-0,319.5,239.5,320.5,240.5,-0,-0,319.5,239.5,0
2413,0,320.5,240.5,-0,-0,319.5,239.5,320.5,240.5,-0,-0,319.5,239.5,0
2414,0,320.5,240.5,-0,-0,319.5,239.5,320.5,240.5,-0,-0,319.5,239.5,0
2429,0,320.5,240.5,-0,-0,319.5,239.5,320.5,240.5,-0,-0,319.5,239.5,0
2430,9,50.1077679561412,480.041812836312,0.037376369816829,0.054742025580655,1.99779133095844,1.45636916220228,54.7752326532979,479.315405160286,0.0183799905677258,0.0150054766046212,1.62469336235893,2.26151703716088,3
2431,1,320.5,240.5,1.47178825021748e-05,1.1534493252858e-05,319.5,239.5,320.5,240.5,-0,-0,319.5,239.5,0
2444,1,218.691315981621,240.5,0.0163274544360559,4.24890563148316e-05,0.595085333133722,239.5,320.5,240.5,-0,-0,319.5,239.5,0
2445,7,49.979493065637,1048.39315187378,0.0298142561678149,1.23453653339252e+103,1.60326869737631,36.6385393753061,54.5041863183039,479.075173818322,0.0135190516908707,0.0115940802397651,1.86432913147547,2.33360760234795,2
2446,0,320.5,240.5,-0,-0,319.5,239.5,320.5,240.5,-0,-0,319.5,239.5,0
2464,1,320.5,240.5,1.47178825021748e-05,1.1534493252858e-05,319.5,239.5,320.5,240.5,-0,-0,319.5,239.5,0
2465,1,320.5,240.5,1.47178825021748e-05,1.1534493252858e-05,319.5,239.5,50.9000748412289,481.902163333321,0.0100237702659271,0.0482266634944113,1.50929829654341,2.14112966222363,3
2466,0,320.5,240.5,-0,-0,319.5,239.5,320.5,240.5,-0,-0,319.5,239.5,0
2478,1,320.5,240.5,1.47178825021748e-05,1.1534493252858e-05,319.5,239.5,320.5,240.5,-0,-0,319.5,239.5,0
2479,7,49.9812697645378,494.017710307115,0.0298266026717521,8.1832732914724,1.60194231614005,6.03120758951842,54.5041863183039,479.075173818322,0.0135190516908707,0.0115940802397651,1.86432913147547,2.33360760234795,2
2480,0,320.5,240.5,-0,-0,319.5,239.5,320.5,240.5,-0,-0,319.5,239.5,0
2497,0,320.5,240.5,-0,-0,319.5,239.5,320.5,240.5,-0,-0,319.5,239.5,0
2498,7,49.979493065637,1048.39315187378,0.0298142561678149,1.23453653339252e+103,1.60326869737631,36.6385393753061,54.5041863183039,479.075173818322,0.0135190516908707,0.0115940802397651,1.86432913147547,2.33360760234795,2
2499,2,220.769155515993,98.3338557038532,0.00953242588262975,0.00987346423498982,0.626353435980012,1.09716132185328,320.5,240.5,-0,-0,319.5,239.5,0
2514,1,320.5,240.5,1.47178825021748e-05,1.1534493252858e-05,319.5,239.5,320.5,240.5,-0,-0,319.5,239.5,0
2515,7,49.979493065637,1048.39315187378,0.0298142561678149,1.23453653339252e+103,1.60326869737631,36.6385393753061,54.5041863183039,479.075173818322,0.0135190516908707,0.0115940802397651,1.86432913147547,2.33360760234795,2
2516,0,320.5,240.5,-0,-0,319.5,239.5,320.5,240.5,-0,-0,319.5,239.5,0
2524,1,320.5,240.5,1.47178825021748e-05,1.1534493252858e-05,319.5,239.5,320.5,240.5,-0,-0,319.5,239.5,0
2525,7,49.9812697645378,494.017710307115,0.0298266026717521,8.1832732914724,1.60194231614005,6.03120758951842,54.5041863183039,479.075173818322,0.0135190516908707,0.0115940802397651,1.86432913147547,2.33360760234795,2
2526,1,218.691315981621,240.5,0.0163274544360559,4.24890563148316e-05,0.595085333133722,239.5,320.5,240.5,-0,-0,319.5,239.5,0
2535,1,320.5,240.5,1.47178825021748e-05,1.1534493252858e-05,319.5,239.5,320.5,240.5,-0,-0,319.5,239.5,0
2536,5,50.1147722605061,1159.96302719878,0.0199258175242424,7.59819065793583e+136,1.33631193920783,38.0718083857625,45.0000000025009,480,0.008582202540045,0.017187606640671,1.68810582857634,0.322890225705365,3
2537,0,320.5,240.5,-0,-0,319.5,239.5,320.5,240.5,-0,-0,319.5,239.5,0
2545,1,217.588445273368,101.441255247977,0.018483220939569,0.00419466452913047,0.658542206852265,3.08656638961776,320.5,240.5,-0,-0,319.5,239.5,0
2546,7,49.9812697645378,494.017710307115,0.0298266026717521,8.1832732914724,1.60194231614005,6.03120758951842,54.5041863183039,479.075173818322,0.0135190516908707,0.0115940802397651,1.86432913147547,2.33360760234795,2
2547,0,320.5,240.5,-0,-0,319.5,239.5,320.5,240.5,-0,-0,319.5,239.5,0
2564,0,320.5,240.5,-0,-0,319.5,239.5,320.5,240.5,-0,-0,319.5,239.5,0
2565,7,49.979493065637,1048.39315187378,0.0298142561678149,1.23453653339252e+103,1.60326869737631,36.6385393753061,54.5041863183039,479.075173818322,0.0135190516908707,0.0115940802397651,1.86432913147547,2.33360760234795,2
2566,1,320.5,240.5,1.47178825021748e-05,1.1534493252858e-05,319.5,239.5,320.5,240.5,-0,-0,319.5,239.5,0
2575,0,320.5,240.5,-0,-0,319.5,239.5,320.5,240.5,-0,-0,319.5,239.5,0
2576,7,49.9812697645378,494.017710307115,0.0298266026717521,8.1832732914724,1.60194231614005,6.03120758951842,54.5041863183039,479.075173818322,0.0135190516908707,0.0115940802397651,1.86432913147547,2.33360760234795,2
2577,1,320.5,240.5,1.47178825021748e-05,1.1534493252858e-05,319.5,239.5,320.5,240.5,-0,-0,319.5,239.5,0
2596,2,576.390176713725,286.894680554908,0.0075789102474018,0.0176276688886264,2.37837774694965,1.21856770574782,618.136273141291,253.376555074061,0.0899510179810726,0.372637140019449,16.4867681768957,2.26868882431823,10
2597,3,608.754445230206,288.327898737109,0.0116600575854554,0.0383008565476953,4.55573712148119,1.19427447329054,603.153733924572,252.885165018187,0.0486989034843847,0.556617591110516,38.1722355674278,1.4179749368582,9
2598,4,569.770799615409,285.962123464768,0.00995734081196482,0.0515618948851767,5.71724052253873,0.919177111827768,608.184674227199,249.833509558328,0.0351030507604224,0.342668332746873,64.1542532800755,2.06812127990282,10
2617,4,577.62908812639,301.58636528185,0.0215758795091341,0.0370615747513423,3.12956701291289,1.35466992015254,606.402338144629,207.349076185146,0.0831864435397459,0.167842320789541,38.0720840990632,4.07993700150246,14
2618,7,49.9803726778988,1088.919359903,0.0297798949120209,2.35907765623369e+110,1.60693847772652,37.9511935152596,617.546841545013,205.606585838912,0.174421364936611,0.35951253831462,12.5172125065939,2.51836475371162,14
2619,0,320.5,240.5,-0,-0,319.5,239.5,614.445545930588,205.344945152329,0.128753381203841,0.335148609560107,17.2571751961342,2.31045027638274,13
2639,5,607.674499354737,272.703964864688,0.00741211233238862,0.0538772024721863,13.9561052251965,1.48609407268421,598.662565692039,205.343537722519,0.109211671787682,0.312153564623724,28.2118484149924,2.53475065867794,10
2640,1,217,249.999998055234,2.73995291911963e-05,0.0156226753485425,191.8146842111,0.458685300077897,600.991289064337,205.361737991945,0.12981050878508,0.336841535845393,25.3297103814763,2.43354849855897,15
2641,1,217.579982829388,100.644353543401,0.0188378466103552,0.00298305313346259,0.649276692262107,3.10031511244835,600.235686116721,205.370669346328,0.160405885333604,0.314876505899474,22.9933571673915,2.52181492956464,14
2657,3,624.36957978427,265.388737778771,0.00698725476161515,0.0470288350386721,5.54498265784162,0.608530806581799,620.71914320328,240.724395921705,0.0873932366511024,0.0949833724163246,9.3529296546459,1.95304131724097,9
2658,12,49.7066461574358,1195.32583782127,0.0414453336641438,3.82851879464123e+139,1.9323225856551,39.7325671285122,623.652082709342,266.883178268012,0.0536376195578731,0.0603169067827083,8.236909577625,3.56746343423475,9
2659,0,320.5,240.5,-0,-0,319.5,239.5,620.492030324595,255.789650184646,0.0763404324314749,0.0192296557900217,7.95536379370423,25.839413389232,7
2677,1,320.5,240.5,1.47178825021748e-05,1.1534493252858e-05,319.5,239.5,620.084911392938,248.394895652642,0.0795562545656773,0.0353257954798697,7.9421380913888,12.844873356879,9
2678,7,49.9812697645378,494.017710307115,0.0298266026717521,8.1832732914724,1.60194231614005,6.03120758951842,612.515210344221,250.119797442521,0.0493171841241876,0.0547394280054652,25.7893045055082,13.3269872051743,11
2679,2,626.595040681539,247.500079734096,0.0136686936413136,0.0182449902865883,2.12901138032599,1.27573531232414,618.546457324552,245.099564968997,0.0666791427291508,0.0455146276625084,12.0189443136161,12.4043539235534,8
2689,2,626.052965704227,247.698914522598,0.0136327571853467,0.0151955941423316,1.43457960069931,1.1805699423337,618.394886891164,249.429200909028,0.0706729059356264,0.0327876765356329,9.04510748721403,14.0373547182948,8
2690,6,49.7726218948352,718.718296633531,0.0244475182389263,1.61366367118626e+44,1.39248787387175,23.254298573567,619.029091938281,240.257638495764,0.0557084146518322,0.100216782788949,7.2590266248367,1.47070176149908,7
2691,1,217,269,3.32157055471647e-05,2.6712851029819e-05,151.696268538,102.095404746848,620.438446257817,250.052177769617,0.0572955304284033,0.032799014176116,8.48720670459177,9.51150582099685,8
2710,4,606.044228955158,241.999860510649,0.0119454980938557,0.0359352188744422,1.87991560985636,0.439451782493625,595.655711077922,235.257294683296,0.127561348490722,0.113683858329465,2.29375204478503,2.23900901526578,8
2711,7,49.977222410697,1270.37331398988,0.0298622313051472,1.88717146507076e+142,1.59814416037699,43.4496006960819,611.698750353565,234.810922113717,0.0438333683417241,0.123076780067863,18.0138896158425,2.16703356917958,10
2712,2,606.034032449345,199.605982771117,0.0177856384316216,0.0133451550526547,1.7025495210495,1.7352818334243,612.164446222736,204.799355243741,0.0863988040982145,0.201747743456751,15.1898987496309,2.06397934187039,11
2726,3,626.140787824479,242.147165284288,0.0100828449004061,0.0178816601061467,1.34185756446033,0.73737682190225,609.81244333347,204.848371112764,0.106439953844598,0.234624110039795,22.1601149467861,2.07380488671175,10
2727,7,49.9769959648336,480,0.0298645755842712,0.000604366875823984,1.59789343566432,200.941863345572,606.703640520435,236.614433818287,0.0917899709506262,0.032229571256511,24.484315370155,48.4305866632395,10
2728,5,623.872433243412,242.369635361861,0.0174910861294719,0.0696352347524698,5.3985587818203,0.586847382357178,609.021782846782,247.55896109356,0.16138573842743,0.0513181539469535,22.243842839222,51.5138541725407,12
2748,4,614.096022720317,270.259642270691,0.0159967663359303,0.00516547634029542,8.77895407431457,23.2120023159472,607.969541538005,205.189074932255,0.118307135902179,0.266512548841452,38.3994363571441,2.59350765508895,10
2749,3,610.112370802843,282.414609233549,0.0110305596030079,0.0415484612118081,6.89051844762317,1.23057097329484,607.776972287435,205.310520005602,0.119334561285872,0.278653611967924,36.8176305165661,2.49026672638968,9
2750,3,610.601936808721,256.796651877744,0.0143186306280806,0.0269589648017779,7.96864603329549,1.7968895305034,614.663526992064,205.30748459555,0.116074599508755,0.238246451568038,43.4549634624014,2.93486996680698,12
2763,3,605.412561266267,254.944828546347,0.012863086826491,0.0202125187166912,2.77788805773251,1.44903854544072,618.193693784745,205.187553310944,0.0669667404450025,0.275534663383837,64.8892298565287,2.74996068879478,9
2764,9,50.3480021433261,1118.19678480563,0.0381057459937742,5.04346136930037e+109,1.90830777835093,39.9269227657853,602.068658309737,205.833072951736,0.075618364014938,0.250936574595016,37.6602750208677,2.46587425311226,9
2765,2,605.398663674788,255.383522456095,0.0148560302235696,0.0228575775579442,3.38851205420431,1.71048523599396,610.858797218841,205.378864858158,0.0760646568265596,0.261494797797315,50.6830282909161,2.90812661397559,10
2782,1,217.581038209197,252,0.0193397736048849,3.60031845659735e-05,0.633706287590839,90.3844612611803,611.262389009266,204.606538699569,0.134415648057241,0.21743800229376,10.3074056248579,2.05288437261204,11
2783,9,50.0252766771625,706.611892504462,0.0371795836557933,1.67003275229689e+41,1.63861231576558,22.896869324992,609.994475553527,204.656979082991,0.0803524753170855,0.205727485280758,14.6506633308968,2.1705728348736,10
2784,0,320.5,240.5,-0,-0,319.5,239.5,610.393262563243,204.578824786685,0.0840663974747589,0.23698775904169,15.9284796104715,2.12356484984246,10
2799,1,320.5,240.5,1.47178825021748e-05,1.1534493252858e-05,319.5,239.5,611.488910257855,204.798046433224,0.106150239052664,0.228251210657817,9.19020031743906,2.02678140028205,10
2800,7,49.9812697645378,494.017710307115,0.0298266026717521,8.1832732914724,1.60194231614005,6.03120758951842,607.611954863119,204.928047678134,0.0692722916652841,0.24183025575751,20.0387156036334,1.88642998339122,10
2801,0,320.5,240.5,-0,-0,319.5,239.5,608.311334937841,204.761276626865,0.0759870544456245,0.232228641577847,18.7649514752386,2.06092527034359,9
2817,2,616.220571467072,247,0.00662597132041724,0.00781495998740486,1.09766745431689,0.394124007946614,607.972317326572,204.84438244115,0.0801090054882944,0.19962843498752,14.3717562999038,2.08021298731179,9
2818,7,49.9800364069593,735.356670990196,0.0298228519658312,2.70299969968752e+45,1.60234828989158,24.5826993778259,608.266582332064,204.793204231304,0.0770170172266406,0.242547699913006,18.2121050895188,2.20990776618288,10
2819,1,320.5,240.5,4.61925892434867e-06,1.08939239883475e-05,319.5,239.5,606.937933609919,204.786332023123,0.0672591936841186,0.224959360865358,19.3309657591428,1.99363536812487,10
2830,2,620.259720554359,249.584728960757,0.00251686146876542,0.0084560593401648,8.7793830455475,2.00832340871521,616.16055605131,265.451722511148,0.0331965040921822,0.0147977938314943,23.7767191227012,31.901739532421,7
2831,7,49.9759642395232,1121.34029031382,0.0299082179418704,1.070382919634e+116,1.59322848856705,38.9974208067076,614.869167710707,258.077140298929,0.041852720063884,0.0394377928315911,22.3755519604456,7.79394334152944,7
2832,2,613.306213847514,249.321796912063,0.00484069871341456,0.0102261805796619,1.28392098947773,0.621159422424772,610.185042356392,204.442363870361,0.0372138418134519,0.0993101679466069,23.7091166381653,1.74175665219554,8
2851,1,217,198.999999998838,2.45649723152119e-05,0.0062453180662104,245.67020987687,0.851299129438991,608.46886420888,204.514146641057,0.0234150804071421,0.086928892350601,29.1626849340467,1.79087987526312,7
2852,2,606.066530866446,199.111830376937,0.01211189301186,0.0127163878154826,1.8292938498183,1.27227488950277,593.444563312,206.048646390679,0.0428640416022747,0.155912169208122,21.8514018678778,3.08763936455751,7
2853,1,217.588445273368,101.441255247977,0.018483220939569,0.00419466452913047,0.658542206852265,3.08656638961776,605.557861561404,204.502578298956,0.0254032684866584,0.099046900143702,23.1292029951,1.55591667398088,7
2871,1,320.5,240.5,2.46571648358085e-06,5.29730927206278e-06,319.5,239.5,611.874838988013,204.124544597911,0.0195697880597118,0.0667294134624428,27.1021487589713,1.37162931562931,5
2872,1,217,240.5,6.10277607613491e-05,1.69375712758527e-05,82.0495540520001,239.5,613.875221136585,203.771204931,0.0331291883350239,0.079181325472277,19.5057955273672,2.29214873583068,6
2873,0,320.5,240.5,-0,-0,319.5,239.5,590.898135760034,256.561276365692,0.170422106709287,0.0588473128963893,3.6195807666014,12.1278459511412,8
2891,0,320.5,240.5,-0,-0,319.5,239.5,606.236719146608,204.721709957875,0.0875260663844287,0.224150796542089,20.2403129389314,1.96891423063515,12
2892,7,49.9781474677365,1038.04545849385,0.0298097872517925,1.58488987073983e+101,1.603749417267,36.301500702118,607.018122210876,250.462384029665,0.118086337864879,0.138930131955366,20.5133290885197,6.91004634486737,12
2893,2,618.795040737741,271.783904646668,0.00514270459701638,0.0158717792604616,2.55602595868574,0.617803753063481,609.155130133994,205.327013696276,0.112628170309358,0.285546856510915,37.0145249169924,3.36430799328046,12
2907,2,555.213645973182,169.18360373846,0.00662002847813424,0.0055281941590764,1.09951408929408,1.33432134811612,602.326545812759,205.855214515882,0.146950064825066,0.346798730133026,38.1025441781828,3.56993713559961,15
2908,5,49.8023018460714,255.88675646404,0.0195642532252342,0.0285871143851634,1.55769622361155,0.902540459924362,599.693900682131,206.548208304908,0.147142111025938,0.303659665827147,39.3153956262568,4.57255359409909,12
2909,3,607.650975091501,282.076427349589,0.0137424850095538,0.0422768473226344,4.90048898813113,1.24987176147009,598.359069525785,206.549580400567,0.153986952506813,0.298297246372752,37.7697365869825,4.34160888630798,12
2926,3,604.505585068537,267.246502579649,0.0178318056223969,0.0756187901481836,2.86677579479238,1.19761766292113,624.220939075319,275.364671215576,0.2998324261729,0.114454984520786,10.2049745089311,24.5270470371081,14
2927,3,581.986550872022,266.604647519113,0.015728652233158,0.0466523389566037,4.33209223241488,1.26035648267959,618.939362129071,265.543997145628,0.126530028567147,0.19372456860844,59.1750911585708,7.32875554773477,12
2928,2,605.359913133772,266.999999999957,0.0142835508827274,0.0118253581955247,1.37824036750831,1.34335394999274,629.036424830506,205.721102086282,0.126470471002724,0.314548077317122,69.1745601890538,3.61656697999433,15
2939,0,320.5,240.5,-0,-0,319.5,239.5,619.048681476896,261.938027135919,0.154495339959318,0.534091341270416,63.0689202575609,2.31861031445347,13
2940,2,556.047071011297,265.479957173741,0.0193587630001251,0.0573182246988682,1.30775757357034,0.616270608561996,617.844509884978,262.16045528258,0.154553716722905,0.537385396312981,51.8171070717008,2.38068773059704,16
2941,0,320.5,240.5,-0,-0,319.5,239.5,611.030014804307,261.8541984819,0.137743970998937,0.502181548768844,54.0885112428662,2.27192577770117,14
2949,2,581.993862464239,266.300071625103,0.0160949916243905,0.0317231825266825,4.58318861613753,1.7306191143344,620.606750811005,260.442175708705,0.380331448590027,0.389924461892554,12.8651192983483,7.32948817242622,20
2950,11,49.6780622901267,917.618305543986,0.0394928998347203,9.96794511731795e+83,2.00909307359038,31.2456546848437,615.862366880199,260.539089174015,0.233383164086487,0.345617025719939,28.4788712970594,6.89584538856517,22
2951,2,580.546547559302,271.000000019979,0.0142012226634929,0.0249983686056486,2.09094028294525,0.849426699190524,619.323820934999,260.001733941744,0.371318547806555,0.367181106041055,13.9236988108423,5.36578272250239,19
2968,2,219,266.066208585019,5.3270949259199e-05,0.0157267452882047,172.323400721371,0.966523538002962,622.634102956895,205.578898879746,0.44921115090173,0.367539690782,11.8236498270532,3.5133139393709,16
2969,9,50.1050750121529,864.508207319321,0.0373876201322638,8.37924649536103e+65,1.9965854296392,30.9181051303686,624.208425635594,205.835609110061,0.543580933750988,0.327306364369153,8.89907084275484,3.70421471919641,17
2970,1,219,266,5.30298765682979e-05,0.000202084437882281,157.838809774733,24.7261737501667,618.843596337945,206.29764048792,0.280539370916871,0.292299707373634,21.6667864499195,4.27951709301748,15
2987,0,320.5,240.5,-0,-0,319.5,239.5,613.897961334238,263.993048534145,0.239495573906642,0.361711174137572,20.2996664962729,4.71794789539906,16
2988,1,320.5,240.5,5.42043620551744e-06,4.01060368289689e-06,319.5,239.5,615.513418054094,264.848620918071,0.280515435299711,0.382374212933143,17.4945137363692,6.27460969101486,17
2989,2,555.744264979932,169.255736717788,0.0072516745357755,0.00543877404638587,0.66357656293923,0.663573912632479,614.520466097366,267.34326975987,0.236300146974058,0.177537650188468,19.0642967298732,12.070858111283,15
3000,1,320.5,240.5,2.46285249701176e-05,2.6628264967199e-05,319.5,239.5,618.331328550606,260.890681669866,0.193063992850746,0.50934263436023,16.3583947524674,2.21372281940113,15
3001,9,50.3504813150773,479.990450481649,0.0381724370383249,0.0531176394456384,1.90164920587637,1.42905287080895,609.092327872819,261.081375164829,0.110763580861554,0.517564230174336,52.8077481324823,2.08059612097244,15
3002,5,581.608320518311,265.605485733017,0.0248027810235757,0.0692482768473315,5.3392514668957,1.42454634689272,607.828607689891,261.112393756697,0.147673885910111,0.631384848148475,44.9122205355334,2.1639888997427,19
3012,6,580.82248039259,265.93418594993,0.0270119310730374,0.0489624348229608,3.82196974491969,1.83078686204678,620.111664072172,259.060823587917,0.279401589425618,0.343548780501008,14.2034788195829,6.81248947144202,23
3013,3,581.417466786371,265.454313929982,0.00701983630319817,0.0385556784987313,4.73973308258645,0.643295249516573,617.0708081856,258.88093488529,0.319105767819156,0.398511251881684,15.2283962087732,6.23021459139353,18
3014,3,580.175312073522,266.109470145746,0.0217513285965556,0.028782249141013,2.49518784903039,1.5327598885199,619.060106999292,260.366011256192,0.400416392388,0.414956820086497,14.4909112786513,8.29785393149174,22
3031,3,573.326546470291,266.719333882234,0.026022330942554,0.0216285143673786,2.38639478195476,2.2046896882167,609.431318548167,261.237450857826,0.119720961242953,0.423158619060661,58.8524886512403,2.82910913767487,16
3032,7,50.2416209786496,1164.16845882385,0.0304902229739454,1.97546564633108e+120,1.49709307454226,40.8631866316649,610.210651925837,262.252185219424,0.12193564362897,0.310357864229989,52.9165670373783,3.96021872470279,13
3033,3,604.476635575177,267.525098293514,0.0151804354481483,0.0168948055545493,1.61914165684909,1.36314054848198,610.121033976273,261.570052957861,0.106066607465152,0.390449559509343,55.5243443171151,2.80087721002881,14
3053,3,581.133108598056,266.055937956941,0.0147323458578023,0.0397539069675085,6.28302869638078,2.6575148836787,617.857767908467,261.646132461213,0.151933361049706,0.503789847251844,49.4089093886074,2.06225278465833,18
3054,1,518.337570197352,300.627434041666,0.00539171807449852,0.00375442948910889,0.67130107443111,0.748484655081609,626.010063592448,261.796532235193,0.368711852842078,0.463327332341702,5.4508300218136,2.33475805945345,17
3055,1,581.582629104048,265.146825755717,0.00451515392580817,0.0144465068697124,4.64330029754029,1.06624966917364,617.582424314733,261.794916878916,0.126260414980018,0.469071411787094,58.2116440823561,2.09679600481965,19
3074,2,581.359725238533,266.672893758921,0.00560019168614739,0.0206250269022682,5.26232359070922,1.07902252221028,619.963273719361,206.132658237127,0.163610758751493,0.294322351492595,18.9411630833225,4.53106722815905,15
3075,3,604.93954355231,271.386187090973,0.0134860042612892,0.0148473107963021,1.44676312046943,1.03270713399529,619.679011077388,206.320717169416,0.105303441039607,0.297483608692848,72.4032953113797,4.46513934621978,12
3076,1,320.5,240.5,7.438451678508e-06,1.60724771875606e-05,319.5,239.5,625.718463479342,205.626555087088,0.336947838929672,0.33270106620737,8.83016071790795,3.79016696188598,12
