,index,Global_Idx,Block,Local_Idx,Speaker,Pulse_Samp,Pulse_Time,EstimatedTimeOut,MCS_Time,est_frame_time,closest_frame,frame,blue_x,red_x,blue_y,red_y,head_x,head_y,blue_zero_x,blue_zero_y,head_angle,speak_xpix,speak_ypix,h2s_x,h2s_y,h2s_distance,h2s_theta
0,3,4,0,4,30,128908,2.923084,3.989084,21.8207,16.1817,405,405,320.5,320.5,240.5,240.5,320.5,240.5,0.0,0.0,-1.5707963267948966,336.1,102.1,138.4,15.600000000000028,139.27641580684076,0.11224301115448032
1,206,207,2,41,30,1194722,27.091202,148.798202,166.5472,160.9082,4023,4023,263.045626954878,258.470571150271,407.36561310077,295.04131395373,260.7580990525745,351.20346352725005,2.287527902303509,56.16214957351997,-0.04070827376482211,336.1,102.1,85.41725409849506,-245.83089773646603,260.2478387607545,-1.236383016761394
2,247,248,2,82,30,2374228,53.83737,175.54437,193.29345,187.65445,4691,4691,263.108945320897,256.287091374771,410.577203861198,292.639843053832,259.698018347834,351.608523457515,3.410926973062999,58.96868040368298,-0.057778645497222,336.1,102.1,90.68273273528041,-244.6802159186331,260.9439903088922,-1.2158735068493032
3,314,315,3,66,30,1923826,43.624172,225.617172,243.3594,237.7204,5943,5943,347.782796107315,348.752686185923,393.895125175929,304.372839381146,348.26774114661896,349.1339822785375,-0.48494503930396604,44.76114289739155,0.010833639077687307,336.1,102.1,-14.843251756297551,-246.88766717335855,247.33346381960507,-1.6308455245187676
4,355,356,4,24,30,719169,16.307687,258.675687,276.41485,270.77585,6769,6769,389.935566536795,395.100942504624,102.248609185783,108.599461860986,392.51825452070955,105.4240355233845,-2.582687983914525,-3.1754263376015075,-3.824412461153448,336.1,102.1,41.6716771355203,38.17774194523869,56.516092003289494,0.7416695061633791
5,412,413,4,81,30,2357557,53.459342,295.827342,313.5666,307.9276,7698,7698,192.391144170348,177.410932603476,433.325938588934,295.580750071868,184.901038386912,364.453344330401,7.490105783436007,68.87259425853296,-0.108327333847821,336.1,102.1,178.67717013321084,-244.46855042604082,302.80423258967505,-0.9396447455113497
6,507,508,6,10,30,319071,7.23517,370.33717,388.08645,382.44745,9561,9561,374.991164452447,370.902628495657,391.218946152392,381.476083691604,372.946896474052,386.347514921998,2.0442679783949984,4.871431230393966,-0.3973255253572827,336.1,102.1,76.01410536922765,-276.3624419200571,286.62579004531494,-1.3023815606367262
7,531,532,6,34,30,1023992,23.219773,386.321773,404.0711,398.4321,9961,9961,301.660900015466,309.528853520705,351.762279414168,354.191601605647,305.5948767680855,352.97694050990754,-3.9339767526195146,-1.2146610957395296,-4.41291349732337,336.1,102.1,-248.71034311244185,44.86610136726198,252.7247550656761,2.9631171418931723
8,534,535,6,37,30,1119801,25.392313,388.494313,406.24365,400.60465,10015,10015,307.504450952461,314.797410483104,355.536380045738,360.558863547853,311.1509307177825,358.0476217967955,-3.6464797653214873,-2.5112417510575256,-4.109303766275513,336.1,102.1,-224.94657720565172,124.62214315660806,257.16073020872443,2.635677696846255
9,550,551,6,53,30,1551545,35.182426,398.284426,416.0338,410.3948,10260,10260,324.380747329296,315.569744596252,410.348028598268,403.290895563354,319.975245962774,406.81946208081104,4.405501366522003,3.528566517456966,-0.8954791228880106,336.1,102.1,247.91649698320234,-177.90831567736706,305.14579837117185,-0.6224497945512137
10,662,663,7,82,30,2397247,54.359342,477.771342,495.4899,489.8509,12246,12246,378.531614496403,369.408570466349,409.531265698081,296.720889894207,373.970092481376,353.126077796144,4.561522015026981,56.40518790193698,-0.08069500025801335,336.1,102.1,-17.512287823122136,-253.26183173440057,253.8665705410299,-1.6398334058557584
11,720,721,8,57,30,1640035,37.189002,520.875002,538.5987,532.9597,13324,13324,370.248092329521,370.692391671187,187.747701129164,298.745191469836,370.470242000354,243.2464462995,-0.22214967083300508,-55.49874517033601,-3.1455954194849967,336.1,102.1,33.8049919856056,141.28289123242658,145.2708946697188,1.3359401318004847
12,731,732,8,68,30,1976068,44.808798,528.494798,546.21855,540.57955,13514,13514,392.324281258293,399.988313967412,92.4051879253495,98.6910128742937,396.15629761285254,95.5481003998216,-3.832016354559528,-3.142912474472112,-4.025468499811023,336.1,102.1,43.15119337783659,42.28073771119521,60.412633375266246,0.7752096362764327
13,788,789,9,42,30,1253797,28.430771,572.413771,590.11965,584.48065,14612,14612,187.569022514154,185.097694482306,368.103682815883,357.09762880642,186.33335849822998,362.6006558111515,1.2356640159240158,5.503027004731507,-0.22087904404327197,336.1,102.1,203.2005069258811,-221.35987118225543,300.4840072029787,-0.8281442683160034
14,43,44,0,44,29,1325181,30.049456,31.115456,48.94715,43.30815,1083,1083,334.263889838736,331.024648884044,124.322792285777,294.055072732923,332.64426936139,209.18893250935,1.619620477346018,-84.866140223573,-3.122510556936058,267.0,101.0,67.69666469905746,106.91668160828225,126.54649429163739,1.0063419842689614
15,148,149,1,66,29,1915830,43.442857,104.863857,122.6197,116.9807,2925,2925,323.643227009819,328.012478235653,123.128271585635,295.33604262407,325.82785262273603,209.2321571048525,-2.1846256129170456,-86.10388551921749,-3.166959186190128,267.0,101.0,56.0637468070712,109.68943599875257,123.186509309144,1.0982975314490622
16,184,185,2,19,29,580812,13.17034,134.87734,152.6263,146.9873,3675,3675,305.088932775058,309.890093435597,256.314361667649,262.199240541228,307.48951310532755,259.2568011044385,-2.40058033026952,-2.9424394367895275,-3.8259219723732127,267.0,101.0,-68.66956401271248,148.21979201719412,163.35426461319062,2.0046516265641365
17,245,246,2,80,29,2314232,52.476916,174.183916,191.933,186.294,4657,4657,262.884395283419,258.156169816277,415.400234758189,298.764579845949,260.520282549848,357.082407302069,2.3641127335710053,58.31782745612003,-0.04051623799640525,267.0,101.0,16.847057055092424,-255.60978607330162,256.1643731432155,-1.5049822358145644
18,256,257,3,8,29,258591,5.863741,187.856741,205.59885,199.95985,4999,4999,272.206870926221,275.973188659539,378.517471293619,385.974256280146,274.09002979288,382.2458637868825,-1.8831588666590164,-3.7283924932635273,-3.6093007828908825,267.0,101.0,-120.46878591373141,254.2376369465488,281.3352171692936,2.0133004287847776
19,368,369,4,37,29,1092420,24.771429,267.139429,284.87865,279.23965,6981,6981,391.302743386475,392.241601182629,64.2601800045692,62.8499051685825,391.77217228455197,63.55504258657585,-0.46942889807695565,0.7051374179933418,0.5873516652080046,267.0,101.0,-83.11131273302887,100.31315720328884,130.26979623956993,2.2626863617397
20,377,378,4,46,29,1353676,30.695601,273.063601,290.8028,285.1638,7129,7129,207.594958601305,211.104731056419,76.6122813196405,295.392753255356,209.349844828862,186.00251728749825,-1.7548862275569945,-109.39023596785775,-3.157633716939877,267.0,101.0,-59.006210473941984,84.06685114819389,102.70817073859182,2.1827938319065705
21,433,434,5,19,29,543012,12.313197,314.994197,332.7924,327.1534,8179,8179,238.507268974727,205.57422483475,431.078842859843,298.92907378756,222.0407469047385,365.0039583237015,16.466522069988486,66.0748845361415,-0.2442349969674389,267.0,101.0,107.46485773401918,-245.29722542595857,267.80482529160395,-1.1578818995829612
22,506,507,6,9,29,282288,6.401088,369.503088,387.25235,381.61335,9540,9540,379.830379848142,371.442170778692,392.203414592794,385.780659313604,375.636275313417,388.992036953199,4.194104534725,3.211377639595014,-0.9173299491522124,267.0,101.0,162.61568136684417,-261.33770075521494,307.80067196551937,-1.0141816815189837
23,518,519,6,21,29,649772,14.734059,377.836059,395.58535,389.94635,9749,9749,370.442903324057,367.347752446713,387.463879297301,378.461406863403,368.895327885385,382.962643080352,1.5475754386720268,4.501236216948996,-0.33115081092083787,267.0,101.0,-4.684287556976972,-299.772659506853,299.80925592404265,-1.5864211885048616
24,519,520,6,22,29,674682,15.298912,378.400912,396.1502,390.5112,9763,9763,343.003709071808,340.073495126921,370.804346966438,361.845764433411,341.5386020993645,366.3250556999245,1.4651069724434933,4.479291266513485,-0.31611614730208726,267.0,101.0,11.638378501572303,-275.3505702390129,275.5964230266703,-1.5285539769869396
25,661,662,7,81,29,2370157,53.745057,477.157057,494.87565,489.23665,12231,12231,375.769400231826,368.10587713554,418.310564183687,297.51217022559,371.937638683683,357.9113672046385,3.8317615481429925,60.3991969790485,-0.06335569909686245,267.0,101.0,-88.46118975489561,-263.03987628991194,277.51641142725924,-1.8952175040596742
26,734,735,8,71,29,2062426,46.767029,530.453029,548.1768,542.5378,13563,13563,404.764454033732,412.062031738718,78.5725738493751,86.7813402805464,408.413242886225,82.67695706496076,-3.6487888524929986,-4.104383215585656,-3.868295994761485,267.0,101.0,117.86184684625056,80.262221648723,142.59536866952504,0.5978503165799971
27,789,790,9,43,29,1277010,28.957143,572.940143,590.646,585.007,14625,14625,194.389784800309,187.96046814825,372.947774572699,364.856590277548,191.1751264742795,368.9021824251235,3.2146583260295074,4.045592147575519,-0.6714442425131498,267.0,101.0,226.0317133519838,-162.57507604950482,278.4259161668246,-0.6235340861756004
28,52,53,0,53,40,1586679,35.979116,37.045116,54.8768,49.2378,1231,1231,325.646712936612,318.477900019648,122.016338843832,298.399567817657,322.06230647813004,210.2079533307445,3.584406458481965,-88.19161448691248,-3.100971617712939,270.8,282.1,48.3004927840393,-73.91449679576473,88.29660491633949,-0.9919895250923592
29,189,190,2,24,40,702692,15.934059,137.641059,155.39,149.751,3744,3744,308.57468088067,307.347028647847,480.0,293.228935105883,307.9608547642585,386.6144675529415,0.6138261164114738,93.3855324470585,-0.006572937589877981,270.8,282.1,-36.473089901584245,-104.75646408559294,110.92431227952315,-1.9058401980686528
30,213,214,2,48,40,1416337,32.116485,153.823485,171.5725,165.9335,4148,4148,270.196773531991,274.744240909653,410.305559146412,298.845242340193,272.470507220822,354.5754007433025,-2.273733688830987,55.7301584031095,0.040776366443115775,270.8,282.1,-4.623583229639637,-72.34705789039181,72.49465019763258,-1.6346179122739326
31,227,228,2,62,40,1829520,41.485714,163.192714,180.94175,175.30275,4383,4383,269.879972849844,268.788830323901,410.525515612121,298.522213116963,269.3344015868725,354.52386436454196,0.5455712629715208,56.00165124757905,-0.009741748540772921,270.8,282.1,2.1710527854474697,-72.40615055369904,72.4386920657885,-1.540820938208768
32,500,501,6,3,40,117083,2.654943,365.756943,383.5062,377.8672,9447,9447,392.43993673649,383.039557611832,384.349156635163,379.685083859547,387.739747174161,382.017120247355,4.700189562329001,2.332036387807989,-1.1102270841023416,270.8,282.1,37.530901576529956,-149.1635572602568,153.81266328778358,-1.324303833926309
33,508,509,6,11,40,358276,8.124172,371.226172,388.97545,383.33645,9583,9583,380.542411107584,373.150833041268,388.057072639771,380.676522486971,376.846622074426,384.366797563371,3.6957890331579506,3.6902750763999848,-0.7861446984466762,270.8,282.1,-2.5627743218347816,-147.3017858854365,147.32407792775638,-1.588192692860995
34,746,747,8,83,40,2385568,54.094512,537.780512,555.5043,549.8653,13747,13747,394.739323720777,398.879217696318,212.667472384943,220.550157599755,396.8092707085475,216.608814992349,-2.069946987770493,-3.941342607406,-3.6251872504864115,270.8,282.1,142.01077862288048,0.6085828863891848,142.0120826486478,0.004285443448303283
35,759,760,9,13,40,412214,9.347256,553.330256,571.0361,565.3971,14135,14135,218.999844189382,228.009873995433,227.16369924979,228.373846934353,223.50485909240751,227.7687730920715,-4.505014903025511,-0.605073842281513,-4.578876810576521,270.8,282.1,47.5519713583175,-54.106585465427386,72.03271875189667,-0.8497857943013356
36,171,172,2,6,21,187934,4.261542,125.968542,143.7175,138.0785,3452,3452,294.195141181262,292.652516407199,280.805980028021,287.646129247961,293.42382879423053,284.226054637991,0.7713123870314575,-3.4200746099700154,-2.919778548036039,268.5,160.5,51.532881769763364,115.21152691701835,126.21146476468472,1.1501989167446287
37,237,238,2,72,21,2088547,47.359342,169.066342,186.8154,181.1764,4529,4529,265.387376379995,272.48901686247,412.448886832742,295.548710440201,268.93819662123246,353.9987986364715,-3.5508202412374885,58.450088196270485,0.06067504564305559,268.5,160.5,-12.17073630292379,-193.11615744903713,193.49929480501115,-1.6337359646485539
38,298,299,3,50,21,1450405,32.889002,214.882002,232.6242,226.9852,5675,5675,383.587024141334,375.489335565728,413.92133861896,408.518413431556,379.538179853531,411.21987602525803,4.048844287802979,2.70146259370199,-0.9824119903667344,268.5,160.5,146.93027846973598,-231.51981964426216,274.20782924509257,-1.005299385839721
39,313,314,3,65,21,1905944,43.218685,225.211685,242.9539,237.3149,5933,5933,369.958685431523,368.321746519086,410.44236636801,400.512101465149,369.1402159753045,405.4772339165795,0.8184694562185086,4.96513245143052,-0.16337419316641522,268.5,160.5,-59.45494791411658,-258.084109114653,264.8439129165978,-1.7972165077478313
40,331,332,3,83,21,2410283,54.654943,236.647943,254.3902,248.7512,6219,6219,390.442745413459,380.584320250853,185.724279472424,296.817302763322,385.513532832156,241.270791117873,4.929212581303034,-55.54651164544899,-3.0530842249690746,268.5,160.5,123.69507073365672,70.11146154420668,142.18328862306257,0.5156566295441927
41,344,345,4,13,21,421179,9.550544,251.918544,269.6577,264.0187,6600,6600,400.722538089329,396.675710815561,199.535415151736,209.700520555663,398.699124452445,204.6179678536995,2.0234136368840154,-5.082552701963493,-2.7627168889758993,268.5,160.5,137.28372551970773,-7.168389160255886,137.47074996421358,-0.052168491975702835
42,422,423,5,8,21,233633,5.2978,307.9788,325.777,320.138,8003,8003,236.683783459519,242.618397952712,430.917160066437,295.90128385436,239.6510907061155,363.4092219603985,-2.967307246596505,67.50793810603852,0.04392666344036944,268.5,160.5,19.91082204796405,-203.9803203483006,204.94977902896366,-1.4734930952900693
43,451,452,5,37,21,1097508,24.886803,327.567803,345.36605,339.72705,8493,8493,211.194111734603,229.380599408423,341.910381899223,337.162088930553,220.287355571513,339.536235414888,-9.093243836909977,2.3741464843350286,1.3154084380632036,268.5,160.5,-161.0497494189217,-91.87715105740625,185.4142191805227,-2.6231549283081383
44,502,503,6,5,21,160844,3.647256,366.749256,384.4985,378.8595,9471,9471,382.903009051742,375.994181248874,386.396899209512,378.866255132368,379.448595150308,382.63157717094,3.454413901434009,3.7653220385720374,-0.7423611101619317,268.5,160.5,68.41234605548712,-238.68761855081738,248.2982648797132,-1.2916606680396376
45,509,510,6,12,21,396028,8.980227,372.082227,389.8315,384.1925,9605,9605,388.004875375793,377.906762656006,384.792890066333,381.349079852687,382.95581901589946,383.07098495951,5.049056359893541,1.7219051068229874,-1.242130330589996,268.5,160.5,173.71346936592658,-180.1710532058356,250.27580356967542,-0.8036438532324823
46,533,534,6,36,21,1085926,24.624172,387.726172,405.4755,399.8365,9996,9996,311.58425683849,319.912957971548,351.626504366573,355.408703666706,315.748607405019,353.5176040166395,-4.164350566529038,-1.8910996500665078,-4.286117178316903,268.5,160.5,-156.2088425440069,122.82924681483448,198.71644713520283,2.4752525370460376
47,543,544,6,46,21,1356584,30.761542,393.863542,411.6129,405.9739,10149,10149,312.859988105003,320.492769355036,356.033626738859,359.371140576828,316.6763787300195,357.7023836578435,-3.8163906250164814,-1.6687569189844567,-4.300179569277044,268.5,160.5,-161.38316988752516,123.14713177710546,203.0018314889636,2.4897772211143683
48,590,591,7,10,21,324159,7.350544,430.762544,448.481,442.842,11071,11071,289.027604386255,282.57212310745,421.528991727391,298.587665783389,285.7998637468525,360.05832875539,3.227740639402498,61.47066297200098,-0.05246045705199376,268.5,160.5,-6.811943855386123,-200.19093206790123,200.30679434633257,-1.6048104378942585
49,722,723,8,59,21,1701969,38.593401,522.279401,540.0031,534.3641,13359,13359,378.144479254029,385.917308213136,209.399357149981,206.697540149025,382.0308937335825,208.048448649503,-3.88641447955348,1.350908500477999,1.2362632957129414,268.5,160.5,-82.18792542118183,91.62567170767522,123.08581884571603,2.301949668340102
50,758,759,9,12,21,391182,8.87034,552.85334,570.55915,564.92015,14123,14123,203.869862313843,220.963143299574,263.838245290303,284.945457007876,212.41650280670848,274.39185114908946,-8.546640492865492,-10.553605858786455,-3.8222996163141736,268.5,160.5,-115.26104716008888,53.21281258452753,126.9516144662851,2.7090746926810594
51,829,830,9,83,21,2383629,54.050544,598.033544,615.7395,610.1005,15253,15253,408.185592995076,397.568386741204,398.202810838379,399.239574542718,402.87698986813996,398.7211926905485,5.3086031269360205,-0.5183818521695116,-1.6681371041621351,268.5,160.5,250.15319749686486,-110.58883232507768,273.5077915762723,-0.4162518660915602
52,210,211,2,45,43,1328282,30.119773,151.826773,169.5758,163.9368,4098,4098,269.463506713541,263.73990772406,409.399028492358,295.365371506498,266.60170721880047,352.382199999428,2.8617994947405236,57.01682849293002,-0.050150104707076704,274.7,399.1,5.746190572927514,47.06502392183685,47.41450392931972,1.449307125294873
53,239,240,2,74,43,2152177,48.8022,170.5092,188.25825,182.61925,4565,4565,263.992162429515,259.569971795736,413.661290918698,420.795317053245,261.7810671126255,417.2283039859715,2.211095316889498,-3.5670130672734786,-2.58668862222264,274.7,399.1,-1.4293503366212144,22.214661599301373,22.26059820301948,1.6350504106455954
54,341,342,4,10,43,316405,7.174717,249.542717,267.2819,261.6429,6541,6541,401.400332228294,396.836384423795,200.103614286255,209.194498161262,399.1183583260445,204.64905622375852,2.281973902249547,-4.5454419375035116,-2.6763178501735654,274.7,399.1,23.948480075566074,-229.60306558512943,230.84864613858804,-1.4668682931488757
55,420,421,5,6,43,166853,3.783515,306.464515,324.2627,318.6237,7966,7966,239.70530471648,245.906323285213,425.143353901213,299.885318697978,242.8058140008465,362.51433629959547,-3.100509284366524,62.629017601617534,0.04946556997039142,274.7,399.1,33.66416670506571,34.96389236056595,48.536067918071986,0.8043345913542794
56,442,443,5,28,43,800633,18.154943,320.835943,338.6342,332.9952,8325,8325,238.352399528875,243.35130138986,433.235248179365,299.216683013973,240.85185045936748,366.22596559666897,-2.499450930492486,67.00928258269602,0.03728278594897816,274.7,399.1,35.04997936531289,31.589528514486474,47.18473657101853,0.7335168454680585
57,446,447,5,32,43,926197,21.0022,323.6832,341.48145,335.84245,8396,8396,237.623421069033,232.293869251099,428.805463757239,296.70657684499,234.958645160066,362.7560203011145,2.6647759089669876,66.0494434561245,-0.04032329922095301,274.7,399.1,38.2439380674457,37.916504928064306,53.8540634016278,0.78109893522669
58,501,502,6,4,43,136177,3.087914,366.189914,383.93915,378.30015,9458,9458,387.835556880128,379.589906981363,388.124720801737,380.822261343744,383.7127319307455,384.4734910727405,4.122824949382505,3.6512297289964977,-0.8459866245387571,274.7,399.1,-83.2244564524506,-71.91244909331029,109.98959262768359,-2.4289819626127374
59,580,581,6,83,43,2380479,53.979116,417.081116,434.8305,429.1915,10730,10730,295.980687173008,296.006893943336,420.45905939569,296.110777890642,295.993790558172,358.284918643166,-0.013103385164015435,62.17414075252401,0.0002107529724000301,274.7,399.1,-21.285188185619816,40.81956818001663,46.03581630100932,2.0514529310547904
60,585,586,7,5,43,167386,3.795601,427.207601,444.92605,439.28705,10982,10982,289.880115024363,284.009569798599,421.298510999954,295.995513408651,286.944842411481,358.6470122043025,2.935272612882045,62.65149879565149,-0.04681656233230802,274.7,399.1,-14.12460387042243,39.835611615544515,42.26559342161018,1.9115386307968771
61,215,216,2,50,44,1485055,33.674717,155.381717,173.1307,167.4917,4187,4187,267.839193291213,263.991651546088,409.265148417297,417.995983556911,265.9154224186505,413.630565987104,1.9237708725624998,-4.3654175698069935,-2.7265126377621334,349.0,395.7,-68.79863567032132,49.91292376120201,84.99736600912509,2.5139614367316256
62,304,305,3,56,44,1620457,36.745057,218.738057,236.48025,230.84125,5771,5771,407.293385506101,411.753794138538,421.812852356212,298.918622668446,409.52358982231954,360.365737512329,-2.2302043162185328,61.44711484388296,0.036278770920290304,349.0,395.7,-59.20216271154324,37.50625228950463,70.08291539689264,2.576884038867977
63,353,354,4,22,44,668624,15.161542,257.529542,275.2687,269.6297,6741,6741,376.240761046846,391.050519537673,89.5330881693825,93.2699695754188,383.6456402922595,91.40152887240065,-7.404879245413497,-1.8684407030181518,-4.465222704537284,349.0,395.7,303.52703060823455,-40.856108625306824,306.2643954524506,-0.1338003009241735
64,415,416,5,1,44,57815,1.310998,303.991998,321.7902,316.1512,7904,7904,239.773511357421,245.244339606153,429.201056933729,297.852139178774,242.508925481787,363.5265980562515,-2.7354141243660024,65.67445887747749,0.04162704958791119,349.0,395.7,107.73772041811101,27.713901634135517,111.24512009377128,0.25177630316397154
65,429,430,5,15,44,432471,9.806599,312.487599,330.2858,324.6468,8116,8116,235.316321968765,224.786732184294,434.528646204078,301.415660365294,230.0515270765295,367.972153284686,5.2647948922355,66.55649291939199,-0.0789382777791261,349.0,395.7,116.39155036207936,37.02134112380433,122.13751550729015,0.30795655032555524
66,432,433,5,18,44,525372,11.913197,314.594197,332.3924,326.7534,8169,8169,239.949208104511,205.597266608913,429.446185473045,295.723039716869,222.773237356712,362.584612594957,17.175970747799,66.861572878088,-0.2514513977954431,349.0,395.7,114.01778504180128,63.48046301463658,130.49836968480122,0.5080178823033781
67,520,521,6,23,44,701772,15.913197,379.015197,396.7645,391.1255,9778,9778,326.5840008906,326.99308927677,353.871673640406,343.631863578186,326.788545083685,348.75176860929605,-0.20454419308498473,5.119905031109965,0.03992954439831364,349.0,395.7,24.067874036424836,46.02415235049267,51.93731953243807,1.0889655238391516
68,552,553,6,55,44,1594094,36.147256,399.249256,416.9986,411.3596,10284,10284,316.569492700806,310.824874306501,410.600969078533,401.799313031082,313.6971835036535,406.20014105480755,2.8723091971525037,4.400828023725467,-0.5782532182023447,349.0,395.7,35.30221491022319,10.502163452260005,36.83126137869257,0.2891552529160904
69,562,563,6,65,44,1877352,42.57034,405.67234,423.4217,417.7827,10445,10445,309.125658282861,300.19423840776,410.983484467319,295.365505589277,304.6599483453105,353.174495028298,4.465709937550514,57.80898943902099,-0.07709628993901596,349.0,395.7,40.93303011630797,45.81425323342298,61.43662388053874,0.841608351951666
70,581,582,7,1,44,59268,1.343946,424.755946,442.4744,436.8354,10921,10921,300.139806733352,297.561230423853,412.392333096902,292.642808281618,298.8505185786025,352.51757068925997,1.2892881547494994,59.87476240764204,-0.02152975458610018,349.0,395.7,49.208223684872145,44.25204413122338,66.17924665642661,0.7324179865158305
71,600,601,7,20,44,619290,14.042857,437.454857,455.1733,449.5343,11238,11238,291.028348897234,283.157882586914,439.441798588896,298.848740717943,287.093115742074,369.1452696534195,3.935233155160006,70.29652893547649,-0.05592210830782629,349.0,395.7,60.32588670653365,29.973378444451537,67.36182911934507,0.4611305724215947
72,656,657,7,76,44,2240765,50.810998,474.222998,491.9416,486.3026,12158,12158,316.015850534847,316.184011633217,410.657863023195,417.390927041188,316.099931084032,414.0243950321915,-0.0840805491849892,-3.3665320089965007,-3.1665628820468856,349.0,395.7,-33.347329432197824,17.497245717875746,37.658969555356244,2.658383165077576
73,806,807,9,60,44,1771221,40.163741,584.146741,601.85265,596.21365,14905,14905,382.064362239994,386.61256268537,73.6677680408875,81.517669421398,384.338462462682,77.59271873114275,-2.2741002226879914,-3.9249506902552582,-3.666724271381566,349.0,395.7,190.05262089228782,-257.5287374594582,320.06413314442193,-0.935028575715398
74,223,224,2,58,7,1720433,39.012086,160.719086,178.4681,172.8291,4321,4321,267.826966880992,262.688619744276,409.503510147852,297.608542421981,265.257793312634,353.55602628491647,2.5691735683579964,55.94748386293554,-0.045888925736537134,345.8,339.0,81.12514494262717,-10.846004670628549,81.84696059889801,-0.13290660342354976
75,224,225,2,59,7,1754792,39.791202,161.498202,179.2472,173.6082,4340,4340,269.710126849397,267.811438041617,410.684073285929,297.100065558185,268.760782445507,353.89206942205703,0.9493444038899952,56.79200386387197,-0.01671460644090006,345.8,339.0,77.27735976054328,-13.602368967184942,78.46537308316242,-0.17423528716445175
76,231,232,2,66,7,1919465,43.525283,165.232283,182.9813,177.3423,4434,4434,267.794354173371,268.39608160758,409.70263412225,295.727227571779,268.0952178904755,352.7149308470145,-0.3008637171045052,56.9877032752355,0.005279400722898231,345.8,339.0,77.63129293592418,-14.124972492851024,78.9058457329181,-0.17998058241563245
77,248,249,2,83,7,2392595,54.253855,175.960855,193.7099,188.0709,4702,4702,263.391157218371,259.831225870485,411.217101676994,301.928661029445,261.61119154442804,356.5728813532195,1.779965673942968,54.644220323774505,-0.03256220916373742,345.8,339.0,84.71629053343159,-14.822676764961361,86.00326521838177,-0.1732150391421272
78,354,355,4,23,7,692322,15.698912,258.066912,275.8061,270.1671,6754,6754,380.624882598966,380.305937371834,89.1144074100881,96.1120108299376,380.4654099854,92.61320912001285,0.1594726135659812,-3.4988017099247486,-3.096044968599084,345.8,339.0,23.410989875997885,-247.70964236908566,248.81346701815477,-1.4765664142339077
79,553,554,6,56,7,1632088,37.008798,400.110798,417.86015,412.22115,10306,10306,317.694237626634,312.749803673085,406.304379938349,292.608036359837,315.2220206498595,349.45620814909296,2.4722169767745186,56.848171789256014,-0.04346068078895082,345.8,339.0,31.00339646117392,-9.117813217326137,32.31632884463795,-0.2860267186049637
80,762,763,9,16,7,485972,11.019773,555.002773,572.7086,567.0696,14177,14177,238.120032456586,234.335607383516,210.795728144846,294.448935407533,236.227819920051,252.6223317761895,1.8922125365349984,-41.82660363134349,-3.096384028387801,345.8,339.0,-113.3639118276061,-81.33749264882837,139.52477993265376,-2.5192245109062426
81,816,817,9,70,7,2029763,46.026372,590.009372,607.7153,602.0763,15052,15052,417.710434692048,414.050575309448,144.949951374043,297.432272506663,415.88050500074803,221.191111940353,1.8299296912999807,-76.24116056631001,-3.117595400686632,345.8,339.0,67.23350905346696,-119.45654669111978,137.07739159690158,-1.0581576123731313
82,225,226,2,60,9,1776794,40.290113,161.997113,179.74615,174.10715,4353,4353,269.699088801624,274.546136225594,410.549634903316,299.325173282882,272.122612513609,354.937404093099,-2.4235237119850126,55.612230810217,0.043551413596186084,339.6,160.2,58.93499612282823,-197.49055827281902,206.0967112180772,-1.28079033682665
83,244,245,2,79,9,2286658,51.851655,173.558655,191.3077,185.6687,4642,4642,269.84093097498,262.846615792924,407.71552776929,298.052219658885,266.343773383952,352.8838737140875,3.4971575910279853,54.831654055202534,-0.06369363081221158,339.6,160.2,85.37212006878276,-187.63035746501563,206.13963696360824,-1.1437908284273561
84,530,531,6,33,9,994722,22.556054,385.658054,403.40735,397.76835,9944,9944,307.480749881013,310.696927265058,366.533248603261,358.884578256123,309.0888385730355,362.70891342969196,-1.608088692022477,3.824335173569011,0.3980431093202774,339.6,160.2,-50.36969151560892,-198.5036149966019,204.7945091795597,-1.8192984321236503
85,535,536,6,38,9,1142529,25.907687,389.009687,406.759,401.12,10028,10028,308.92842881204,316.567387041809,355.448424420623,295.866274551169,312.74790792692454,325.657349485896,-3.8194791148845297,29.791074934726964,0.1275132085047097,339.6,160.2,5.593215585184325,-167.5287595817999,167.62210280150666,-1.5374221240569819
86,570,571,6,73,9,2116606,47.995601,411.097601,428.847,423.208,10580,10580,290.329623245519,283.785441461892,421.410548012245,299.33988912567,287.0575323537055,360.3752185689575,3.272090891813491,61.03532944328748,-0.053558515093749426,339.6,160.2,63.183088843524835,-197.0754330698859,206.95610412715982,-1.2605459661364395
87,726,727,8,63,9,1816872,41.198912,524.884912,542.60865,536.96965,13424,13424,407.51865731424,410.274218812941,160.599873995181,171.593877819917,408.8964380635905,166.09687590754902,-1.3777807493505065,-5.497001912368006,-3.3871756653940404,339.6,160.2,65.78359061074869,22.56742519933274,69.54688687331779,0.33047487249982144
88,764,765,9,18,9,542575,12.303288,556.286288,573.9921,568.3531,14209,14209,238.01545988149,239.641580298486,203.807999605513,212.167582480455,238.828520089988,207.987791042984,-0.8130602084980012,-4.179791437470982,-3.3337151274919297,339.6,160.2,-108.04213519457129,27.666968728428497,111.52831091710239,2.890903880810513
89,228,229,2,63,10,1856852,42.105488,163.812488,181.5615,175.9225,4398,4398,270.135662742517,264.059862480693,410.439348752508,298.317540587157,267.09776261160505,354.3784446698325,3.0379001309119644,56.060904082675506,-0.05413633320423994,344.2,223.5,84.07110031684836,-126.51471211288131,151.90102794086292,-0.9842838511107828
90,382,383,4,51,10,1485734,33.690113,276.058113,293.79735,288.15835,7204,7204,194.132156258017,198.973287258085,195.274493788464,297.951060322157,196.552721758051,246.61277705531052,-2.4205655000340016,-51.3382832668465,-3.1887070884354314,344.2,223.5,-148.57197966085934,16.133384490465527,149.44537207777293,3.0334267936108543
91,416,417,5,2,10,87085,1.974717,304.655717,322.4539,316.8149,7920,7920,241.24914446738,247.509325593045,427.07030431491,297.213406304909,244.3792350302125,362.1418553099095,-3.1300905628324927,64.92844900500052,0.04817101235268351,344.2,223.5,93.02903702725834,-143.28763879940385,170.83837145948047,-0.9949507981421033
92,547,548,6,50,10,1472213,33.383515,396.485515,414.23485,408.59585,10215,10215,304.708802353483,312.294388461247,361.14843680364,292.64131223238,308.501595407365,326.89487451801,-3.792793053882008,34.25356228562998,0.11027774556529724,344.2,223.5,24.102499999650494,-106.69557470120934,109.38407638707974,-1.3486256872008895
93,569,570,6,72,10,2087820,47.342857,410.444857,428.19425,422.55525,10564,10564,287.019064920225,281.717834764324,423.340465108728,430.745266640333,284.36844984227446,427.0428658745305,2.6506150779505333,-3.7024007658025084,-2.520263212820659,344.2,223.5,69.83634151259875,200.33072167500725,212.154454685009,1.2353645854526094
94,737,738,8,74,10,2151935,48.796712,532.482712,550.20645,544.56745,13614,13614,396.825074171911,381.882634531807,135.725750291328,141.21644646038,389.353854351859,138.471098375854,7.471219820051999,-2.7453480845260003,-1.9229371484463602,344.2,223.5,-64.23730088976316,-71.71020742290199,96.27452765003625,-2.301280696353371
95,236,237,2,71,22,2069695,46.931859,168.638859,186.3879,180.7489,4519,4519,270.371529293589,274.570627318298,407.824556337099,300.901760781364,272.4710783059435,354.36315855923147,-2.099549012354487,53.461397777867546,0.039252071827944324,269.0,226.5,-8.486009854302058,-127.62845818273387,127.91026425330048,-1.6371885541735105
96,238,239,2,73,22,2126541,48.220884,169.927884,187.67695,182.03795,4551,4551,264.88553972714,262.158452809662,414.038462294366,420.9611360283,263.521996268401,417.49979916133304,1.3635434587390023,-3.461336866967031,-2.766325204220549,269.0,226.5,64.90872248230784,179.71585781524044,191.0783394436768,1.224201695209135
97,376,377,4,45,22,1330948,30.180227,272.548227,290.28745,284.64845,7116,7116,200.852295174939,156.032020319168,68.6029229142367,297.630294046844,178.4421577470535,183.11660848054038,22.410137427885502,-114.51368556630368,-2.94833671237773,269.0,226.5,-97.2040356184892,-25.18366360797696,100.41335296284186,-2.8880861284356447
98,419,420,5,5,22,148728,3.372517,306.053517,323.8517,318.2127,7955,7955,240.112101876205,245.778648136281,426.675262178515,297.190923649784,242.945375006243,361.9330929141495,-2.833273130038009,64.74216926436554,0.04373450140882995,269.0,226.5,20.108500756658934,-136.44271448918553,137.91651873455172,-1.4244727654181835
99,440,441,5,26,22,750572,17.019773,319.700773,337.499,331.86,8297,8297,235.288275057763,224.724353978006,432.101014023766,294.573203085286,230.0063145178845,363.337108554526,5.281960539878497,68.76390546924,-0.0766624416957633,269.0,226.5,49.35915054371598,-133.4487768495615,142.28458027854347,-1.2165277826987166
100,445,446,5,31,22,898622,20.376916,323.057916,340.85615,335.21715,8380,8380,232.44072693513,218.286193221544,433.099283915947,441.105016497224,225.363460078337,437.1021502065855,7.077266856792988,-4.002866290638508,-2.0855337265634173,269.0,226.5,161.83020833034107,141.66296961355326,215.07536652990296,0.7190453267294288
101,529,530,6,32,22,976839,22.150544,385.252544,403.00185,397.36285,9934,9934,318.139790074432,317.227420238847,369.409152992311,358.564955093364,317.6836051566395,363.9870540428375,0.456184917792541,5.422098949473536,-0.08393669833251849,269.0,226.5,-36.98554551902902,-141.08455926530556,145.85192299186764,-1.8271787057583362
102,579,580,6,82,22,2358962,53.491202,416.593202,434.3426,428.7036,10718,10718,287.94448212922,282.325484661076,422.52346270993,430.96539224298,285.13498339514797,426.74442747645503,2.809498734072008,-4.2209647665250145,-2.554324838793142,269.0,226.5,124.38485803712614,157.75479553921312,200.89342553835593,0.9031257768634087
103,668,669,8,5,22,167144,3.790113,487.476113,505.19975,499.56075,12489,12489,371.499838741213,364.800677282341,411.427868611485,403.006478239022,368.150258011777,407.21717342525346,3.3495807294360134,4.210695186231533,-0.6719870407998969,269.0,226.5,34.91045185144663,-203.15198937284103,206.12974175168193,-1.4006145055260548
104,782,783,9,36,22,1064603,24.140658,568.123658,585.8295,580.1905,14505,14505,247.343241620602,238.266531947154,440.895071061367,297.636335563939,242.80488678387798,369.265703312653,4.538354836724011,71.629367748714,-0.06327427875200242,269.0,226.5,35.1700632591831,-140.8236366847092,145.14899241387076,-1.3260572495062557
105,297,298,3,49,39,1422831,32.263741,214.256741,231.9989,226.3599,5659,5659,381.059760901053,376.307500523387,408.373974295764,403.11463743118,378.68363071221995,405.744305863472,2.376130188833031,2.6296684322920214,-0.7347924970197958,272.7,338.6,-33.620889971874924,-120.8739986363104,125.46269480938025,-1.842087068998687
106,388,389,4,57,39,1647062,37.348345,279.716345,297.4556,291.8166,7295,7295,176.195390182003,170.920081035219,166.842282819207,301.235673978698,173.55773560861098,234.0389783989525,2.6376545733920125,-67.1966955797455,-3.1023600526147375,272.7,338.6,-103.16712301046014,-100.59195075477658,144.09092902367868,-2.368832136766595
107,450,451,5,36,39,1060484,24.047256,326.728256,344.5265,338.8875,8472,8472,223.866517719738,217.950816399651,429.552945639133,288.175774458318,220.9086670596945,358.86436004872553,2.957850660043505,70.68858559040746,-0.04181900339226585,272.7,338.6,52.593240806174734,-18.081412484141627,55.61462447880014,-0.33113834861124475
108,532,533,6,35,39,1049386,23.795601,386.897601,404.6469,399.0079,9975,9975,305.409845226476,314.009803138917,351.943379260641,355.914128702523,309.7098241826965,353.92875398158196,-4.299978956220457,-1.9853747209409676,-4.279833773112402,272.7,338.6,1.597284679701479,40.02682183628824,40.0586792675691,1.5309121302265054
109,652,653,7,72,39,2101632,47.656054,471.068054,488.7866,483.1476,12079,12079,299.596280065194,293.410076893227,422.374939408289,296.994676432793,296.5031784792105,359.684807920541,3.0931015859835043,62.690131487747976,-0.04929955057861912,272.7,338.6,-22.735207628628014,-22.232201079569958,31.79874888669768,-2.367380048470153
110,669,670,8,6,39,206834,4.690113,488.376113,506.09975,500.46075,12512,12512,330.28276060916,332.51887879683,389.782646622314,379.560620282293,331.400819702995,384.67163345230347,-1.1180590938350292,5.111013170010551,0.21536236079049575,272.7,338.6,-67.19034737250105,-32.4628843870901,74.62158965585587,-2.6915172752924734
111,727,728,8,64,39,1854865,42.060431,525.746431,543.47015,537.83115,13446,13446,413.069332394697,416.046865481538,160.665663531874,171.129155555992,414.5580989381175,165.897409543933,-1.4887665434204678,-5.231746012059006,-3.418828512980448,272.7,338.6,183.7097114223271,-127.28176190522365,223.49475381890454,-0.6059056109108276
112,736,737,8,73,39,2126783,48.226372,531.912372,549.6361,543.9971,13600,13600,397.439466164889,380.849550321222,148.67486668374,149.093011512558,389.1445082430555,148.883939098149,8.294957921833486,-0.20907241440900748,-1.595995750358121,272.7,338.6,-186.72180426255204,-121.18776785228397,222.60167848442174,-2.565900706407181
113,787,788,9,41,39,1217257,27.6022,571.5852,589.2911,583.6521,14591,14591,216.532045902562,222.286474445074,373.707305611762,362.065712444504,219.40926017381798,367.886509028133,-2.87721427125598,5.820796583629033,0.4590764636683877,272.7,338.6,34.795680439493125,-49.86845881947236,60.8079152929677,-0.9615825212552049
114,346,347,4,15,8,479963,10.883515,253.251515,270.9907,265.3517,6634,6634,401.078132379023,393.168584271436,212.135262183138,298.056939406234,397.12335832522945,255.09610079468598,3.9547740537935283,-42.960838611547985,-3.049796043478429,344.6,277.3,50.266835249665256,-26.925110652756878,57.02382229980898,-0.4917542829117645
115,360,361,4,29,8,867704,19.675828,262.043828,279.783,274.144,6854,6854,389.280238508444,402.551510217463,70.4291872803158,288.129681526376,395.91587436295345,179.27943440334587,-6.635635854509474,-108.85024712303007,-3.202478452111249,344.6,277.3,57.18516144987225,-94.71645871481073,110.64063557989171,-1.027623264919301
116,413,414,4,82,8,2389735,54.189002,296.557002,314.2963,308.6573,7716,7716,201.636100775571,191.754238988582,428.670482815614,296.159438370289,196.6951698820765,362.4149605929515,4.94093089349451,66.25552222266248,-0.07443609073131774,344.6,277.3,153.82504467655573,-73.87997644292483,170.64699027217415,-0.4477521881287637
117,505,506,6,8,8,258348,5.858231,368.960231,386.7095,381.0705,9527,9527,379.551973978178,371.927991119998,390.733992773546,385.827819005939,375.73998254908804,388.2809058897425,3.8119914290899715,2.4530868838035076,-0.9989910465875005,344.6,277.3,76.47523072650179,-86.24383497151376,115.26690758958263,-0.8453597547088842
118,528,529,6,31,8,947811,21.492313,384.594313,402.3436,396.7046,9918,9918,327.399751341231,326.149738526125,365.001584313743,355.373415262285,326.774744933678,360.187499788014,0.6250064075530304,4.814084525729015,-0.12910656190403613,344.6,277.3,28.348516860287646,-79.90268412956755,84.78252968204865,-1.2298623754485754
119,551,552,6,54,8,1574031,35.692313,398.794313,416.54365,410.90465,10273,10273,318.21211492163,312.684830863979,409.906852990647,403.540907530662,315.4484728928045,406.7238802606545,2.7636420288255295,3.182972729992514,-0.7149988277175859,344.6,277.3,106.86457896617138,-78.61497361691794,132.66631944244847,-0.6342539541652871
120,591,592,7,11,8,352945,8.003288,431.415288,449.13375,443.49475,11087,11087,289.827684064175,285.540184976285,416.001477885637,298.236804064552,287.68393452022997,357.1191409750945,2.1437495439450345,58.88233691054245,-0.03639127169008205,344.6,277.3,59.78246092009985,-77.69550271435419,98.03332992252933,-0.9149657609520864
121,659,660,7,79,8,2319369,52.593401,476.005401,493.724,488.085,12202,12202,420.01815764301,382.582987002742,391.112971151615,298.889057033279,401.300572322876,345.001014092447,18.717585320133992,46.11195705916799,-0.3855960277720527,344.6,277.3,-27.07417239350115,-84.05576363399703,88.30844926102709,-1.8824010052804332
122,790,791,9,44,8,1296831,29.406599,573.389599,591.0955,585.4565,14636,14636,199.974266109855,195.188851111318,373.656070138373,364.751980313239,197.5815586105865,369.20402522580605,2.3927074992684823,4.452044912566976,-0.4931491885481263,344.6,277.3,173.00823038639376,-11.35447840486315,173.38042554244123,-0.0655357156119778
