Global_Idx,Block,Local_Idx,Speaker,Pulse_Samp,Pulse_Time,EstimatedTimeOut,MCS_Time
1,0,1,10,59026,1.338458,2.635458,41.5368
2,0,2,43,87570,1.985714,3.282714,42.18405
3,0,3,8,124837,2.830771,4.127771,43.02915
4,0,4,8,161862,3.67034,4.96734,43.8687
5,0,5,30,189921,4.306599,5.603599,44.50495
6,0,6,39,216284,4.904399,6.201399,45.10275
7,0,7,30,234893,5.326372,6.623372,45.52475
8,0,8,39,255683,5.7978,7.0948,45.99615
9,0,9,44,291981,6.620884,7.917884,46.81925
10,0,10,8,317375,7.196712,8.493712,47.39505
11,0,11,21,337680,7.657143,8.954143,47.9484
12,0,12,10,355320,8.057143,9.354143,48.3484
13,0,13,29,374172,8.484626,9.781626,48.77585
14,0,14,44,395931,8.978027,10.275027,49.26925
15,0,15,9,418175,9.482426,10.779426,49.77365
16,0,16,40,440661,9.992313,11.289313,50.28355
17,0,17,29,470658,10.672517,11.969517,50.96375
18,0,18,30,488783,11.083515,12.380515,51.37475
19,0,19,43,516115,11.703288,13.000288,51.99455
20,0,20,9,554352,12.57034,13.86734,52.8616
21,0,21,43,587984,13.332971,14.629971,53.62425
22,0,22,30,609016,13.809887,15.106887,54.10115
23,0,23,22,638287,14.473628,15.770628,54.7649
24,0,24,29,673615,15.274717,16.571717,55.566
25,0,25,8,704825,15.982426,17.279426,56.2737
26,0,26,30,742576,16.838458,18.135458,57.12975
27,0,27,44,765547,17.359342,18.656342,57.6506
28,0,28,40,793364,17.990113,19.287113,58.2814
29,0,29,22,816577,18.516485,19.813485,58.80775
30,0,30,39,855540,19.4,20.697,59.78415
31,0,31,9,889899,20.179116,21.476116,60.56325
32,0,32,7,910447,20.645057,21.942057,61.0292
33,0,33,21,948925,21.517574,22.814574,61.90175
34,0,34,29,985708,22.351655,23.648655,62.7358
35,0,35,21,1024428,23.22966,24.52666,63.61385
36,0,36,9,1047157,23.745057,25.042057,64.12925
37,0,37,10,1076670,24.414286,25.711286,64.79845
38,0,38,10,1103275,25.017574,26.314574,65.40175
39,0,39,39,1128912,25.598912,26.895912,65.9831
40,0,40,7,1168359,26.493401,27.790401,66.87755
41,0,41,7,1201749,27.250544,28.547544,67.63475
42,0,42,10,1237320,28.057143,29.354143,68.44135
43,0,43,29,1262229,28.621973,29.918973,69.00615
44,0,44,9,1282292,29.076916,30.373916,69.4611
45,0,45,44,1306717,29.630771,30.927771,70.01495
46,0,46,30,1339380,30.371429,31.668429,70.7556
47,0,47,8,1362835,30.903288,32.200288,71.28745
48,0,48,40,1380718,31.308798,32.605798,71.693
49,0,49,22,1418227,32.159342,33.456342,72.54355
50,0,50,43,1454040,32.971429,34.268429,73.35565
51,0,51,7,1486945,33.717574,35.014574,74.10175
52,0,52,22,1508947,34.216485,35.513485,74.6007
53,0,53,40,1540883,34.940658,36.237658,75.32485
54,0,54,40,1569669,35.593401,36.890401,75.9776
55,0,55,9,1605725,36.410998,37.707998,76.7952
56,0,56,10,1632815,37.025283,38.322283,77.4095
57,0,57,29,1664993,37.754943,39.051943,78.13915
58,0,58,22,1688933,38.2978,39.5948,78.682
59,0,59,40,1720385,39.010998,40.307998,79.3952
60,0,60,8,1744567,39.559342,40.856342,79.94355
61,0,61,39,1775534,40.261542,41.558542,80.64575
62,0,62,43,1809651,41.03517,42.33217,81.4194
63,0,63,30,1844737,41.830771,43.127771,82.215
64,0,64,40,1864073,42.269229,43.566229,82.65345
65,0,65,9,1895767,42.987914,44.284914,83.37215
66,0,66,22,1933761,43.849456,45.146456,84.23365
67,0,67,7,1964243,44.540658,45.837658,84.9249
68,0,68,22,1991091,45.149456,46.446456,85.5337
69,0,69,44,2020846,45.824172,47.121172,86.2084
70,0,70,7,2053267,46.559342,47.856342,86.94355
71,0,71,39,2076965,47.096712,48.393712,87.48095
72,0,72,10,2111566,47.881315,49.178315,88.26555
73,0,73,21,2144714,48.632971,49.929971,89.0172
74,0,74,21,2169865,49.203288,50.500288,89.58755
75,0,75,21,2189444,49.647256,50.944256,90.0315
76,0,76,44,2223318,50.415374,51.712374,90.7996
77,0,77,43,2242412,50.848345,52.145345,91.2326
78,0,78,44,2269987,51.473628,52.770628,91.85785
79,0,79,7,2304831,52.263741,53.560741,92.648
80,0,80,8,2330709,52.850544,54.147544,93.2348
81,0,81,39,2367249,53.679116,54.976116,94.06335
82,0,82,29,2391916,54.238458,55.535458,94.6227
83,0,83,43,2413433,54.726372,56.023372,95.11065
84,1,1,9,61885,1.403288,64.154288,102.99535
85,1,2,8,81222,1.841769,64.592769,103.43385
86,1,3,44,99831,2.263741,65.014741,103.8558
87,1,4,22,132009,2.993401,65.744401,104.58545
88,1,5,40,155949,3.536259,66.287259,105.12835
89,1,6,9,179405,4.068141,66.819141,105.66025
90,1,7,9,200679,4.550544,67.301544,106.14265
91,1,8,39,235281,5.33517,68.08617,106.92725
92,1,9,39,254375,5.768141,68.519141,107.36025
93,1,10,21,276618,6.272517,69.023517,107.8646
94,1,11,22,298620,6.771429,69.522429,108.3635
95,1,12,44,325952,7.391202,70.142202,108.9833
96,1,13,29,347469,7.879116,70.630116,109.4712
97,1,14,21,386190,8.757143,71.508143,110.34925
98,1,15,29,423215,9.596712,72.347712,111.1888
99,1,16,29,443520,10.057143,72.808143,111.64925
100,1,17,22,470610,10.671429,73.422429,112.26355
101,1,18,10,490188,11.115374,73.866374,112.70745
102,1,19,8,524548,11.894512,74.645512,113.4866
103,1,20,29,563026,12.767029,75.518029,114.35915
104,1,21,8,595689,13.507687,76.258687,115.0998
105,1,22,29,631260,14.314286,77.065286,115.9064
106,1,23,43,650112,14.741769,77.492769,116.33385
107,1,24,40,681321,15.449456,78.200456,117.04155
108,1,25,21,716649,16.250544,79.001544,117.84265
109,1,26,8,754643,17.112086,79.863086,118.7042
110,1,27,22,793606,17.995601,80.746601,119.5877
111,1,28,10,823362,18.67034,81.42134,120.26245
112,1,29,7,850209,19.279116,82.030116,120.87125
113,1,30,8,873907,19.816485,82.567485,121.4086
114,1,31,7,909962,20.634059,83.385059,122.2262
115,1,32,40,942868,21.380227,84.131227,122.97235
116,1,33,43,960508,21.780227,84.531227,123.37235
117,1,34,39,980328,22.22966,84.98066,123.8218
118,1,35,40,1005238,22.794512,85.545512,124.38665
119,1,36,9,1023605,23.210998,85.961998,124.80315
120,1,37,40,1057479,23.979116,86.730116,125.57125
121,1,38,43,1082146,24.538458,87.289458,126.1306
122,1,39,22,1112871,25.23517,87.98617,126.8273
123,1,40,39,1143838,25.93737,88.68837,127.5295
124,1,41,21,1182074,26.804399,89.555399,128.39655
125,1,42,9,1208679,27.407687,90.158687,128.99985
126,1,43,44,1237708,28.065941,90.816941,129.6581
127,1,44,7,1273521,28.878027,91.629027,130.47015
128,1,45,8,1305215,29.596712,92.347712,131.18885
129,1,46,30,1327701,30.106599,92.857599,131.69875
130,1,47,39,1350914,30.632971,93.383971,132.22515
131,1,48,10,1383335,31.368141,94.119141,132.9603
132,1,49,21,1417452,32.141769,94.892769,133.73395
133,1,50,22,1454961,32.992313,95.743313,134.58445
134,1,51,43,1489805,33.782426,96.533426,135.3746
135,1,52,30,1515198,34.358231,97.109231,135.9504
136,1,53,43,1543015,34.989002,97.740002,136.58115
137,1,54,7,1578102,35.784626,98.535626,137.3768
138,1,55,39,1598649,36.250544,99.001544,137.8427
139,1,56,10,1627920,36.914286,99.665286,138.50645
140,1,57,8,1649679,37.407687,100.158687,138.99985
141,1,58,43,1679677,38.087914,100.838914,139.6801
142,1,59,9,1713309,38.850544,101.601544,140.4427
143,1,60,30,1749607,39.673628,102.424628,141.2658
144,1,61,30,1789297,40.573628,103.324628,142.1658
145,1,62,30,1819537,41.259342,104.010342,142.85155
146,1,63,9,1858742,42.148345,104.899345,143.74055
147,1,64,10,1882925,42.696712,105.447712,144.2889
148,1,65,44,1916072,43.448345,106.199345,145.04055
149,1,66,10,1939043,43.969229,106.720229,145.5614
150,1,67,43,1976795,44.825283,107.576283,146.41745
151,1,68,7,2005096,45.467029,108.218029,147.05925
152,1,69,29,2033640,46.114286,108.865286,147.7065
153,1,70,10,2067030,46.871429,109.622429,148.46365
154,1,71,40,2092666,47.452744,110.203744,149.04495
155,1,72,30,2129206,48.281315,111.032315,149.8735
156,1,73,30,2165988,49.115374,111.866374,150.70755
157,1,74,21,2186778,49.586803,112.337803,151.179
158,1,75,22,2207811,50.063741,112.814741,151.65595
159,1,76,21,2232962,50.634059,113.385059,152.22625
160,1,77,7,2261022,51.27034,114.02134,152.86255
161,1,78,29,2288596,51.895601,114.646601,153.4878
162,1,79,44,2311325,52.410998,115.161998,154.0032
163,1,80,44,2348592,53.256054,116.007054,154.84825
164,1,81,7,2374712,53.848345,116.599345,155.44055
165,1,82,40,2403498,54.501088,117.252088,156.0933
166,2,1,44,56361,1.278027,124.465027,163.33505
167,2,2,8,86358,1.958231,125.145231,164.01525
168,2,3,29,116598,2.643946,125.830946,164.70095
169,2,4,22,136419,3.093401,126.280401,165.1504
170,2,5,40,158663,3.5978,126.7848,165.6548
171,2,6,40,176303,3.9978,127.1848,166.0548
172,2,7,8,215266,4.881315,128.068315,166.93835
173,2,8,39,249383,5.654943,128.841943,167.71195
174,2,9,44,273323,6.1978,129.3848,168.2548
175,2,10,40,292175,6.625283,129.812283,168.6823
176,2,11,30,320476,7.267029,130.454029,169.32405
177,2,12,44,346839,7.86483,131.05183,169.92185
178,2,13,10,370295,8.396712,131.583712,170.45375
179,2,14,30,409500,9.285714,132.472714,171.34275
180,2,15,7,431986,9.795601,132.982601,171.85265
181,2,16,22,456653,10.354943,133.541943,172.41195
182,2,17,43,482774,10.947256,134.134256,173.0043
183,2,18,29,519556,11.781315,134.968315,173.83835
184,2,19,21,556096,12.609887,135.796887,174.6669
185,2,20,39,588759,13.350544,136.537544,175.40755
186,2,21,44,619484,14.047256,137.234256,176.1043
187,2,22,8,644878,14.623084,137.810084,176.6801
188,2,23,9,682629,15.479116,138.666116,177.53615
189,2,24,43,720865,16.346145,139.533145,178.4032
190,2,25,9,741898,16.823084,140.010084,178.88015
191,2,26,40,774076,17.552744,140.739744,179.6098
192,2,27,29,792685,17.974717,141.161717,180.03175
193,2,28,10,826560,18.742857,141.929857,180.7999
194,2,29,7,861162,19.527483,142.714483,181.58455
195,2,30,22,897217,20.345057,143.532057,182.4021
196,2,31,9,919218,20.843946,144.030946,182.901
197,2,32,21,942432,21.37034,144.55734,183.4274
198,2,33,30,960556,21.781315,144.968315,183.83835
199,2,34,30,988615,22.417574,145.604574,184.47465
200,2,35,30,1016432,23.048345,146.235345,185.1054
201,2,36,9,1040130,23.585714,146.772714,185.64275
202,2,37,44,1060435,24.046145,147.233145,186.1032
203,2,38,29,1080498,24.501088,147.688088,186.55815
204,2,39,8,1110012,25.17034,148.35734,187.2274
205,2,40,29,1142917,25.916485,149.103485,187.97355
206,2,41,10,1164434,26.404399,149.591399,188.46145
207,2,42,39,1200005,27.210998,150.397998,189.26805
208,2,43,7,1235333,28.012086,151.199086,190.06915
209,2,44,21,1259515,28.560431,151.747431,190.6175
210,2,45,21,1287090,29.185714,152.372714,191.2428
211,2,46,8,1322176,29.981315,153.168315,192.0384
212,2,47,39,1346601,30.53517,153.72217,192.59225
213,2,48,43,1368360,31.028571,154.215571,193.08565
214,2,49,21,1406838,31.901088,155.088088,193.95815
215,2,50,8,1427628,32.372517,155.559517,194.4296
216,2,51,7,1456172,33.019773,156.206773,195.07685
217,2,52,43,1489562,33.776916,156.963916,195.834
218,2,53,29,1509141,34.220884,157.407884,196.27795
219,2,54,29,1540835,34.939569,158.126569,196.99665
220,2,55,40,1575678,35.72966,158.91666,197.78675
221,2,56,22,1604465,36.382426,159.569426,198.4395
222,2,57,39,1622347,36.787914,159.974914,198.845
223,2,58,9,1652102,37.46263,160.64963,199.51975
224,2,59,39,1677738,38.043946,161.230946,200.10105
225,2,60,8,1714763,38.883515,162.070515,200.9406
226,2,61,22,1752030,39.728571,162.915571,201.78565
227,2,62,7,1791720,40.628571,163.815571,202.68565
228,2,63,40,1812995,41.110998,164.297998,203.1681
229,2,64,30,1839600,41.714286,164.901286,203.7714
230,2,65,10,1857967,42.130771,165.317771,204.1879
231,2,66,30,1887238,42.794512,165.981512,204.85165
232,2,67,43,1919174,43.518685,166.705685,205.5758
233,2,68,9,1953533,44.2978,167.4848,206.3549
234,2,69,7,1992981,45.192313,168.379313,207.24945
235,2,70,7,2024432,45.905488,169.092488,207.9626
236,2,71,43,2054915,46.596712,169.783712,208.65385
237,2,72,39,2092908,47.458231,170.645231,209.51535
238,2,73,21,2129206,48.281315,171.468315,210.33845
239,2,74,44,2161627,49.016485,172.203485,211.0736
240,2,75,43,2186536,49.581315,172.768315,211.63845
241,2,76,40,2224045,50.431859,173.618859,212.489
242,2,77,22,2243382,50.87034,174.05734,212.92745
243,2,78,22,2282102,51.748345,174.935345,213.80545
244,2,79,21,2315250,52.5,175.687,214.55715
245,2,80,10,2344278,53.158231,176.345231,215.21535
246,2,81,10,2370157,53.745057,176.932057,215.8022
247,2,82,44,2393128,54.265941,177.452941,216.3231
248,2,83,9,2418279,54.836259,178.023259,216.8934
249,3,1,22,64842,1.47034,184.99134,223.8994
250,3,2,44,97747,2.216485,185.737485,224.64555
251,3,3,29,128956,2.924172,186.445172,225.35325
252,3,4,8,154350,3.5,187.021,225.92905
253,3,5,39,176836,4.009887,187.530887,226.43895
254,3,6,7,207318,4.701088,188.222088,227.13015
255,3,7,43,241678,5.480227,189.001227,227.9093
256,3,8,10,281125,6.374717,189.895717,228.80375
257,3,9,30,300946,6.824172,190.345172,229.25325
258,3,10,39,339425,7.696712,191.217712,230.12575
259,3,11,7,374511,8.492313,192.013313,230.92135
260,3,12,21,406205,9.210998,192.731998,231.64005
261,3,13,7,445895,10.110998,193.631998,232.54005
262,3,14,10,466685,10.582426,194.103426,233.0115
263,3,15,44,503952,11.427483,194.948483,233.85655
264,3,16,10,539765,12.239569,195.760569,234.66865
265,3,17,44,567339,12.86483,196.38583,235.2939
266,3,18,22,606302,13.748345,197.269345,236.17745
267,3,19,22,633635,14.368141,197.889141,236.7972
268,3,20,9,670417,15.2022,198.7232,237.6313
269,3,21,7,702595,15.931859,199.452859,238.36095
270,3,22,29,730897,16.573628,200.094628,239.0027
271,3,23,22,751929,17.050544,200.571544,239.47965
272,3,24,22,788469,17.879116,201.400116,240.3082
273,3,25,39,819921,18.592313,202.113313,241.0214
274,3,26,8,846526,19.195601,202.716601,241.6247
275,3,27,8,867074,19.661542,203.182542,242.09065
276,3,28,9,892710,20.242857,203.763857,242.67195
277,3,29,21,924646,20.967029,204.488029,243.39615
278,3,30,9,946648,21.465941,204.986941,243.89505
279,3,31,43,971799,22.036259,205.557259,244.46535
280,3,32,10,1006643,22.826372,206.347372,245.25545
281,3,33,9,1025010,23.242857,206.763857,245.67195
282,3,34,30,1062762,24.098912,207.619912,246.528
283,3,35,10,1088882,24.691202,208.212202,247.1203
284,3,36,40,1113549,25.250544,208.771544,247.67965
285,3,37,43,1143062,25.919773,209.440773,248.3489
286,3,38,40,1174029,26.621973,210.142973,249.0511
287,3,39,8,1209358,27.423084,210.944084,249.8522
288,3,40,10,1231602,27.927483,211.448483,250.3566
289,3,41,9,1250211,28.349456,211.870456,250.77855
290,3,42,40,1269789,28.793401,212.314401,251.2225
291,3,43,21,1302210,29.528571,213.049571,251.9577
292,3,44,39,1321304,29.961542,213.482542,252.39065
293,3,45,44,1340640,30.4,213.921,252.82915
294,3,46,29,1376211,31.206599,214.727599,253.63575
295,3,47,8,1405482,31.87034,215.39134,254.29945
296,3,48,30,1427241,32.363741,215.884741,254.79285
297,3,49,7,1459904,33.104399,216.625399,255.53355
298,3,50,29,1479967,33.559342,217.080342,255.98845
299,3,51,9,1507784,34.190113,217.711113,256.61925
300,3,52,22,1546989,35.079116,218.600116,257.50825
301,3,53,39,1580864,35.847256,219.368256,258.2764
302,3,54,7,1611588,36.543946,220.064946,258.9731
303,3,55,44,1629228,36.943946,220.464946,259.3731
304,3,56,8,1648080,37.371429,220.892429,259.80055
305,3,57,40,1669597,37.859342,221.380342,260.2885
306,3,58,10,1687722,38.27034,221.79134,260.6995
307,3,59,43,1717477,38.945057,222.466057,261.3742
308,3,60,7,1753532,39.76263,223.28363,262.19175
309,3,61,29,1771415,40.168141,223.689141,262.5973
310,3,62,29,1795355,40.710998,224.231998,263.14015
311,3,63,9,1825352,41.391202,224.912202,263.82035
312,3,64,40,1846627,41.873628,225.394628,264.3028
313,3,65,21,1866932,42.334059,225.855059,264.7632
314,3,66,40,1895961,42.992313,226.513313,265.42145
315,3,67,44,1929593,43.754943,227.275943,266.1841
316,3,68,43,1962741,44.506599,228.027599,266.93575
317,3,69,44,1996858,45.280227,228.801227,267.7094
318,3,70,43,2021040,45.828571,229.349571,268.25775
319,3,71,30,2059761,46.706599,230.227599,269.13575
320,3,72,22,2088305,47.353855,230.874855,269.78305
321,3,73,39,2115152,47.96263,231.48363,270.3918
322,3,74,21,2152177,48.8022,232.3232,271.23135
323,3,75,40,2175632,49.334059,232.855059,271.76325
324,3,76,21,2204418,49.986803,233.507803,272.41595
325,3,77,8,2227147,50.5022,234.0232,272.93135
326,3,78,43,2253510,51.1,234.621,273.52915
327,3,79,30,2276481,51.620884,235.141884,274.05005
328,3,80,30,2301390,52.185714,235.706714,274.6149
329,3,81,30,2338899,53.036259,236.557259,275.46545
330,3,82,29,2366958,53.672517,237.193517,276.1017
331,3,83,39,2404952,54.534059,238.055059,276.96325
332,4,1,30,67992,1.541769,245.464769,284.34285
333,4,2,29,102593,2.326372,246.249372,285.12745
334,4,3,43,121445,2.753855,246.676855,285.55495
335,4,4,30,156288,3.543946,247.466946,286.34505
336,4,5,22,174413,3.954943,247.877943,286.75605
337,4,6,9,200534,4.547256,248.470256,287.34835
338,4,7,40,229562,5.205488,249.128488,288.0066
339,4,8,9,250595,5.682426,249.605426,288.48355
340,4,9,10,268477,6.087914,250.010914,288.889
341,4,10,7,296778,6.72966,250.65266,289.53075
342,4,11,8,333803,7.569229,251.492229,290.37035
343,4,12,21,361620,8.2,252.123,291.0011
344,4,13,8,394041,8.93517,252.85817,291.73625
345,4,14,21,425977,9.659342,253.582342,292.46045
346,4,15,44,460094,10.432971,254.355971,293.2341
347,4,16,10,482580,10.942857,254.865857,293.74395
348,4,17,22,518635,11.760431,255.683431,294.56155
349,4,18,7,554933,12.583515,256.506515,295.38465
350,4,19,21,580085,13.153855,257.076855,295.95495
351,4,20,10,606690,13.757143,257.680143,296.55825
352,4,21,44,630872,14.305488,258.228488,297.1066
353,4,22,21,650693,14.754943,258.677943,297.55605
354,4,23,29,679479,15.407687,259.330687,298.2088
355,4,24,39,702935,15.939569,259.862569,298.7407
356,4,25,43,723240,16.4,260.323,299.20115
357,4,26,21,755903,17.140658,261.063658,299.9418
358,4,27,22,781539,17.721973,261.644973,300.5231
359,4,28,30,817352,18.534059,262.457059,301.3352
360,4,29,8,844442,19.148345,263.071345,301.9495
361,4,30,29,878317,19.916485,263.839485,302.71765
362,4,31,7,899834,20.404399,264.327399,303.20555
363,4,32,9,938070,21.271429,265.194429,304.07255
364,4,33,9,955710,21.671429,265.594429,304.47255
365,4,34,9,988615,22.417574,266.340574,305.2187
366,4,35,39,1010859,22.921973,266.844973,305.7231
367,4,36,43,1048368,23.772517,267.695517,306.57365
368,4,37,39,1080062,24.491202,268.414202,307.29235
369,4,38,22,1113452,25.248345,269.171345,308.0495
370,4,39,22,1144419,25.950544,269.873544,308.7517
371,4,40,9,1171752,26.57034,270.49334,309.3715
372,4,41,29,1210957,27.459342,271.382342,310.2605
373,4,42,40,1232232,27.941769,271.864769,310.74295
374,4,43,44,1268772,28.77034,272.69334,311.5715
375,4,44,44,1295619,29.379116,273.302116,312.18025
376,4,45,44,1333613,30.240658,274.163658,313.04185
377,4,46,10,1372576,31.124172,275.047172,313.92535
378,4,47,8,1398455,31.710998,275.633998,314.51215
379,4,48,10,1418033,32.154943,276.077943,314.9561
380,4,49,39,1442700,32.714286,276.637286,315.51545
381,4,50,9,1463490,33.185714,277.108714,315.9869
382,4,51,43,1493245,33.860431,277.783431,316.6616
383,4,52,44,1526878,34.623084,278.546084,317.42425
384,4,53,30,1561964,35.418685,279.341685,318.21985
385,4,54,8,1584692,35.934059,279.857059,318.73525
386,4,55,21,1615902,36.641769,280.564769,319.44295
387,4,56,40,1640811,37.206599,281.129599,320.0078
388,4,57,39,1663782,37.727483,281.650483,320.52865
389,4,58,44,1685541,38.220884,282.143884,321.02205
390,4,59,39,1709965,38.774717,282.697717,321.5759
391,4,60,29,1731967,39.273628,283.196628,322.0748
392,4,61,29,1770688,40.151655,284.074655,322.95285
393,4,62,7,1790024,40.590113,284.513113,323.3913
394,4,63,30,1829714,41.490113,285.413113,324.2913
395,4,64,8,1867465,42.346145,286.269145,325.14735
396,4,65,21,1898917,43.059342,286.982342,325.86055
397,4,66,43,1927461,43.706599,287.629599,326.5078
398,4,67,22,1966908,44.601088,288.524088,327.4023
399,4,68,43,1990606,45.138458,289.061458,327.93965
400,4,69,7,2027388,45.972517,289.895517,328.77375
401,4,70,7,2047936,46.438458,290.361458,329.23965
402,4,71,30,2073330,47.014286,290.937286,329.8155
403,4,72,30,2105508,47.743946,291.666946,330.54515
404,4,73,7,2131872,48.341769,292.264769,331.143
405,4,74,40,2167442,49.148345,293.071345,331.94955
406,4,75,10,2197925,49.839569,293.762569,332.6408
407,4,76,40,2225984,50.475828,294.398828,333.27705
408,4,77,40,2245078,50.908798,294.831798,333.71
409,4,78,29,2272652,51.534059,295.457059,334.3353
410,4,79,40,2302892,52.219773,296.142773,335.021
411,4,80,10,2332890,52.9,296.823,335.70125
412,4,81,39,2362161,53.563741,297.486741,336.36495
413,4,82,8,2399428,54.408798,298.331798,337.21005
414,4,83,22,2430152,55.105488,299.028488,337.90675
415,5,1,40,53211,1.206599,305.429599,344.28685
416,5,2,9,80058,1.815374,306.038374,344.89565
417,5,3,8,112722,2.556054,306.779054,345.6363
418,5,4,44,136662,3.098912,307.321912,346.17915
419,5,5,7,157936,3.581315,307.804315,346.66155
420,5,6,22,178726,4.052744,308.275744,347.133
421,5,7,10,201455,4.568141,308.791141,347.6484
422,5,8,39,229756,5.209887,309.432887,348.29015
423,5,9,43,251515,5.703288,309.926288,348.78355
424,5,10,21,271094,6.147256,310.370256,349.22755
425,5,11,7,304242,6.898912,311.121912,349.97915
426,5,12,9,336178,7.623084,311.846084,350.70335
427,5,13,10,362783,8.226372,312.449372,351.30665
428,5,14,29,383331,8.692313,312.915313,351.7726
429,5,15,44,406786,9.224172,313.447172,352.30445
430,5,16,44,426607,9.673628,313.896628,352.7539
431,5,17,10,455878,10.33737,314.56037,353.41765
432,5,18,21,490964,11.132971,315.355971,354.21325
433,5,19,43,518296,11.752744,315.975744,354.83305
434,5,20,44,556048,12.608798,316.831798,355.6891
435,5,21,39,591861,13.420884,317.643884,356.50115
436,5,22,30,618951,14.03517,318.25817,357.11545
437,5,23,9,640952,14.534059,318.757059,357.61435
438,5,24,9,658835,14.939569,319.162569,358.01985
439,5,25,40,687378,15.586803,319.809803,358.6671
440,5,26,21,712772,16.16263,320.38563,359.24295
441,5,27,29,738651,16.749456,320.972456,359.82975
442,5,28,40,768648,17.42966,321.65266,360.50995
443,5,29,43,807369,18.307687,322.530687,361.388
444,5,30,29,842213,19.0978,323.3208,362.1781
445,5,31,8,873907,19.816485,324.039485,362.8968
446,5,32,10,892274,20.232971,324.455971,363.31325
447,5,33,8,925664,20.990113,325.213113,364.0704
448,5,34,39,956388,21.686803,325.909803,364.7671
449,5,35,43,990263,22.454943,326.677943,365.53525
450,5,36,22,1029468,23.343946,327.566946,366.42425
451,5,37,10,1049774,23.804399,328.027399,366.8847
452,5,38,8,1080983,24.512086,328.735086,367.5924
453,5,39,7,1113404,25.247256,329.470256,368.32755
454,5,40,7,1143159,25.921973,330.144973,369.0023
455,5,41,29,1172672,26.591202,330.814202,369.67155
456,5,42,9,1209212,27.419773,331.642773,370.5001
457,5,43,7,1245268,28.23737,332.46037,371.3177
458,5,44,21,1270419,28.807687,333.030687,371.888
459,5,45,39,1308413,29.669229,333.892229,372.74955
460,5,46,40,1337442,30.327483,334.550483,373.4078
461,5,47,39,1356051,30.749456,334.972456,373.8298
462,5,48,43,1380960,31.314286,335.537286,374.3946
463,5,49,8,1417258,32.13737,336.36037,375.2177
464,5,50,43,1456221,33.020884,337.243884,376.10125
465,5,51,10,1476284,33.475828,337.698828,376.55615
466,5,52,30,1503858,34.101088,338.324088,377.18145
467,5,53,30,1522710,34.528571,338.751571,377.6089
468,5,54,30,1555615,35.274717,339.497717,378.35505
469,5,55,30,1589248,36.03737,340.26037,379.1177
470,5,56,8,1613430,36.585714,340.808714,379.66605
471,5,57,29,1650212,37.419773,341.642773,380.50015
472,5,58,9,1685783,38.226372,342.449372,381.30675
473,5,59,7,1723050,39.071429,343.294429,382.1518
474,5,60,8,1744082,39.548345,343.771345,382.6287
475,5,61,9,1775534,40.261542,344.484542,383.3419
476,5,62,44,1813043,41.112086,345.335086,384.19245
477,5,63,43,1838679,41.693401,345.916401,384.77375
478,5,64,22,1877158,42.565941,346.788941,385.6463
479,5,65,22,1900371,43.092313,347.315313,386.17265
480,5,66,29,1921888,43.580227,347.803227,386.6606
481,5,67,10,1956247,44.359342,348.582342,387.4397
482,5,68,44,1979945,44.896712,349.119712,387.9771
483,5,69,22,1999281,45.33517,349.55817,388.41555
484,5,70,30,2031459,46.06483,350.28783,389.1452
485,5,71,40,2061942,46.756054,350.979054,389.83645
486,5,72,44,2081035,47.189002,351.412002,390.26935
487,5,73,22,2109095,47.825283,352.048283,390.90565
488,5,74,21,2126735,48.225283,352.448283,391.30565
489,5,75,30,2149221,48.73517,352.95817,391.81555
490,5,76,29,2184549,49.536259,353.759259,392.61665
491,5,77,39,2208974,50.090113,354.313113,393.1705
492,5,78,40,2245998,50.92966,355.15266,394.01005
493,5,79,7,2280115,51.703288,355.926288,394.78365
494,5,80,40,2314717,52.487914,356.710914,395.5683
495,5,81,21,2342534,53.118685,357.341685,396.19905
496,5,82,39,2368897,53.716485,357.939485,396.7969
497,5,83,22,2407133,54.583515,358.806515,397.6639
498,6,1,21,62903,1.426372,365.923372,404.7858
499,6,2,8,84905,1.925283,366.422283,405.2847
500,6,3,9,108360,2.457143,366.954143,405.81655
501,6,4,40,140781,3.192313,367.689313,406.55175
502,6,5,44,170052,3.856054,368.353054,407.2155
503,6,6,30,201745,4.574717,369.071717,407.93415
504,6,7,8,220355,4.996712,369.493712,408.35615
505,6,8,22,241387,5.473628,369.970628,408.83305
506,6,9,9,278896,6.324172,370.821172,409.6836
507,6,10,44,312286,7.081315,371.578315,410.44075
508,6,11,22,332592,7.541769,372.038769,410.9012
509,6,12,7,368647,8.359342,372.856342,411.7188
510,6,13,29,398645,9.039569,373.536569,412.399
511,6,14,10,423312,9.598912,374.095912,412.95835
512,6,15,29,442648,10.03737,374.53437,413.3968
513,6,16,7,470465,10.668141,375.165141,414.0276
514,6,17,22,503612,11.419773,375.916773,414.7792
515,6,18,22,537487,12.187914,376.684914,415.54735
516,6,19,21,568938,12.901088,377.398088,416.26055
517,6,20,39,605478,13.72966,378.22666,417.0891
518,6,21,7,636688,14.43737,378.93437,417.79685
519,6,22,21,657235,14.903288,379.400288,418.26275
520,6,23,40,685295,15.539569,380.036569,418.89905
521,6,24,8,713838,16.186803,380.683803,419.54625
522,6,25,40,743352,16.856054,381.353054,420.2155
523,6,26,7,778195,17.646145,382.143145,421.0056
524,6,27,30,813524,18.447256,382.944256,421.80675
525,6,28,44,836252,18.96263,383.45963,422.3221
526,6,29,10,854135,19.368141,383.865141,422.7276
527,6,30,8,877832,19.905488,384.402488,423.26495
528,6,31,39,914857,20.745057,385.242057,424.10455
529,6,32,9,941462,21.348345,385.845345,424.7078
530,6,33,10,964433,21.869229,386.366229,425.2287
531,6,34,29,994915,22.560431,387.057431,425.9199
532,6,35,44,1030002,23.356054,387.853054,426.71555
533,6,36,8,1066299,24.179116,388.676116,427.5386
534,6,37,9,1099205,24.925283,389.422283,428.28475
535,6,38,39,1125083,25.512086,390.009086,428.87155
536,6,39,22,1142723,25.912086,390.409086,429.27155
537,6,40,30,1168359,26.493401,390.990401,429.8529
538,6,41,9,1202961,27.278027,391.775027,430.6375
539,6,42,10,1242408,28.172517,392.669517,431.532
540,6,43,40,1271195,28.825283,393.322283,432.18475
541,6,44,30,1298285,29.439569,393.936569,432.79905
542,6,45,29,1330221,30.163741,394.660741,433.52325
543,6,46,7,1356342,30.756054,395.253054,434.11555
544,6,47,39,1378585,31.260431,395.757431,434.61995
545,6,48,43,1417791,32.149456,396.646456,435.50895
546,6,49,44,1442215,32.703288,397.200288,436.0628
547,6,50,8,1474878,33.443946,397.940946,436.80345
548,6,51,43,1510449,34.250544,398.747544,437.61005
549,6,52,39,1548685,35.117574,399.614574,438.4771
550,6,53,43,1579652,35.819773,400.316773,439.1793
551,6,54,22,1616919,36.66483,401.16183,440.02435
552,6,55,29,1647159,37.350544,401.847544,440.71005
553,6,56,29,1676188,38.008798,402.505798,441.3683
554,6,57,21,1704489,38.650544,403.147544,442.01005
555,6,58,30,1726248,39.143946,403.640946,442.50345
556,6,59,39,1744373,39.554943,404.051943,442.91445
557,6,60,8,1781155,40.389002,404.886002,443.74855
558,6,61,9,1808730,41.014286,405.511286,444.3738
559,6,62,10,1829520,41.485714,405.982714,444.84525
560,6,63,40,1849098,41.92966,406.42666,445.2892
561,6,64,21,1879823,42.626372,407.123372,445.9859
562,6,65,7,1906186,43.224172,407.721172,446.5837
563,6,66,10,1930368,43.772517,408.269517,447.13205
564,6,67,43,1957701,44.392313,408.889313,447.75185
565,6,68,40,1980187,44.9022,409.3992,448.26175
566,6,69,9,2007035,45.510998,410.007998,448.87055
567,6,70,43,2045755,46.389002,410.886002,449.74855
568,6,71,43,2068968,46.915374,411.412374,450.2749
569,6,72,39,2104782,47.727483,412.224483,451.08705
570,6,73,22,2123148,48.143946,412.640946,451.5035
571,6,74,43,2162838,49.043946,413.540946,452.4035
572,6,75,44,2197198,49.823084,414.320084,453.18265
573,6,76,10,2222349,50.393401,414.890401,453.75295
574,6,77,7,2243624,50.875828,415.372828,454.2354
575,6,78,40,2263445,51.325283,415.822283,454.68485
576,6,79,30,2301923,52.1978,416.6948,455.55735
577,6,80,21,2320775,52.625283,417.122283,455.98485
578,6,81,30,2354892,53.398912,417.895912,456.75845
579,6,82,29,2374955,53.853855,418.350855,457.2134
580,6,83,44,2413918,54.73737,419.23437,458.09695
581,7,1,43,71335,1.617574,426.464574,465.34905
582,7,2,43,102060,2.314286,427.161286,466.04575
583,7,3,40,129392,2.934059,427.781059,466.66555
584,7,4,10,161086,3.652744,428.499744,467.3842
585,7,5,9,182845,4.146145,428.993145,467.8776
586,7,6,9,216962,4.919773,429.766773,468.65125
587,7,7,7,253745,5.753855,430.600855,469.48535
588,7,8,30,274050,6.214286,431.061286,469.94575
589,7,9,8,312771,7.092313,431.939313,470.8238
590,7,10,21,344222,7.805488,432.652488,471.53695
591,7,11,7,371797,8.430771,433.277771,472.16225
592,7,12,9,397191,9.006599,433.853599,472.7381
593,7,13,39,425735,9.653855,434.500855,473.38535
594,7,14,44,459367,10.416485,435.263485,474.14795
595,7,15,22,483549,10.96483,435.81183,474.69635
596,7,16,22,516939,11.721973,436.568973,475.45345
597,7,17,30,536518,12.165941,437.012941,475.89745
598,7,18,8,574996,13.038458,437.885458,476.76995
599,7,19,8,607175,13.768141,438.615141,477.49965
600,7,20,40,644684,14.618685,439.465685,478.3502
601,7,21,7,670805,15.210998,440.057998,478.9425
602,7,22,9,708798,16.072517,440.919517,479.80405
603,7,23,39,740735,16.796712,441.643712,480.5282
604,7,24,44,760798,17.251655,442.098655,480.98315
605,7,25,30,786676,17.838458,442.685458,481.56995
606,7,26,39,810132,18.37034,443.21734,482.10185
607,7,27,10,845702,19.176916,444.023916,482.90845
608,7,28,44,872308,19.780227,444.627227,483.51175
609,7,29,22,906667,20.559342,445.406342,484.29085
610,7,30,8,933757,21.173628,446.020628,484.90515
611,7,31,7,952608,21.601088,446.448088,485.3326
612,7,32,8,985756,22.352744,447.199744,486.08425
613,7,33,9,1012119,22.950544,447.797544,486.68205
614,7,34,43,1051325,23.839569,448.686569,487.5711
615,7,35,21,1076476,24.409887,449.256887,488.1414
616,7,36,30,1111320,25.2,450.047,488.93155
617,7,37,10,1143983,25.940658,450.787658,489.6722
618,7,38,29,1166227,26.445057,451.292057,490.1766
619,7,39,21,1205190,27.328571,452.175571,491.0601
620,7,40,7,1242215,28.168141,453.015141,491.89965
621,7,41,10,1270032,28.798912,453.645912,492.53045
622,7,42,30,1294456,29.352744,454.199744,493.0843
623,7,43,29,1330269,30.16483,455.01183,493.89635
624,7,44,43,1366809,30.993401,455.840401,494.72495
625,7,45,43,1385176,31.409887,456.256887,495.14145
626,7,46,22,1414689,32.079116,456.926116,495.81065
627,7,47,39,1450987,32.9022,457.7492,496.63375
628,7,48,29,1472504,33.390113,458.237113,497.12165
629,7,49,40,1501290,34.042857,458.889857,497.7744
630,7,50,29,1524018,34.558231,459.405231,498.2898
631,7,51,39,1542143,34.969229,459.816229,498.7008
632,7,52,8,1565841,35.506599,460.353599,499.23815
633,7,53,22,1603592,36.36263,461.20963,500.0942
634,7,54,29,1624140,36.828571,461.675571,500.56015
635,7,55,30,1643476,37.267029,462.114029,500.9986
636,7,56,21,1661116,37.667029,462.514029,501.3986
637,7,57,21,1695718,38.451655,463.298655,502.18325
638,7,58,43,1720627,39.016485,463.863485,502.74805
639,7,59,40,1746263,39.5978,464.4448,503.32935
640,7,60,10,1776503,40.283515,465.130515,504.0151
641,7,61,22,1812558,41.101088,465.948088,504.83265
642,7,62,40,1850795,41.968141,466.815141,505.6997
643,7,63,9,1869404,42.390113,467.237113,506.1217
644,7,64,39,1904732,43.191202,468.038202,506.9228
645,7,65,44,1935942,43.898912,468.745912,507.6305
646,7,66,40,1959882,44.441769,469.288769,508.17335
647,7,67,40,1982368,44.951655,469.798655,508.68325
648,7,68,7,2012365,45.631859,470.478859,509.36345
649,7,69,21,2052055,46.531859,471.378859,510.26345
650,7,70,44,2074057,47.030771,471.877771,510.76235
651,7,71,9,2095089,47.507687,472.354687,511.23925
652,7,72,44,2123391,48.149456,472.996456,511.88105
653,7,73,7,2142485,48.582426,473.429426,512.31405
654,7,74,39,2163759,49.06483,473.91183,512.79645
655,7,75,29,2196665,49.810998,474.657998,513.5426
656,7,76,10,2233932,50.656054,475.503054,514.38765
657,7,77,43,2253752,51.105488,475.952488,514.8371
658,7,78,30,2283508,51.780227,476.627227,515.51185
659,7,79,22,2312536,52.438458,477.285458,516.17005
660,7,80,21,2347622,53.234059,478.081059,516.96565
661,7,81,29,2370835,53.760431,478.607431,517.49205
662,7,82,44,2397683,54.369229,479.216229,518.10085
663,8,1,43,52968,1.201088,486.370088,525.21175
664,8,2,7,77878,1.765941,486.934941,525.77655
665,8,3,29,107875,2.446145,487.615145,526.4568
666,8,4,10,141508,3.208798,488.377798,527.21945
667,8,5,29,174171,3.949456,489.118456,527.9601
668,8,6,43,196172,4.448345,489.617345,528.459
669,8,7,43,221808,5.02966,490.19866,529.0403
670,8,8,8,260529,5.907687,491.076687,529.91835
671,8,9,39,299735,6.796712,491.965712,530.80735
672,8,10,7,325855,7.389002,492.558002,531.39965
673,8,11,7,345676,7.838458,493.007458,531.8491
674,8,12,43,380278,8.623084,493.792084,532.63375
675,8,13,21,414395,9.396712,494.565712,533.40735
676,8,14,8,449238,10.186803,495.355803,534.19745
677,8,15,43,486748,11.03737,496.20637,535.04805
678,8,16,9,518442,11.756054,496.925054,535.7667
679,8,17,22,553770,12.557143,497.726143,536.5678
680,8,18,40,589583,13.369229,498.538229,537.3799
681,8,19,7,615462,13.956054,499.125054,537.96675
682,8,20,39,640855,14.531859,499.700859,538.54255
683,8,21,10,670611,15.206599,500.375599,539.21725
684,8,22,39,700851,15.892313,501.061313,539.903
685,8,23,39,729879,16.550544,501.719544,540.5612
686,8,24,10,757938,17.186803,502.355803,541.19745
687,8,25,22,795690,18.042857,503.211857,542.05355
688,8,26,44,816480,18.514286,503.683286,542.52495
689,8,27,8,849870,19.271429,504.440429,543.2821
690,8,28,40,873325,19.803288,504.972288,543.81395
691,8,29,22,907200,20.571429,505.740429,544.5821
692,8,30,10,937682,21.26263,506.43163,545.2733
693,8,31,22,957018,21.701088,506.870088,545.71175
694,8,32,40,992589,22.507687,507.676687,546.51835
695,8,33,30,1031068,23.380227,508.549227,547.3909
696,8,34,40,1052827,23.873628,509.042628,547.88435
697,8,35,21,1077978,24.443946,509.612946,548.45465
698,8,36,10,1098042,24.898912,510.067912,548.9096
699,8,37,9,1121012,25.419773,510.588773,549.43045
700,8,38,29,1142045,25.896712,511.065712,549.9074
701,8,39,30,1176404,26.675828,511.844828,550.68655
702,8,40,29,1197678,27.158231,512.327231,551.16895
703,8,41,10,1221618,27.701088,512.870088,551.7118
704,8,42,30,1241924,28.161542,513.330542,552.17225
705,8,43,43,1279191,29.006599,514.175599,553.0173
706,8,44,29,1301435,29.510998,514.679998,553.5217
707,8,45,40,1337490,30.328571,515.497571,554.3393
708,8,46,29,1373788,31.151655,516.320655,555.16235
709,8,47,9,1391670,31.557143,516.726143,555.56785
710,8,48,21,1424818,32.308798,517.477798,556.3195
711,8,49,44,1455542,33.005488,518.174488,557.0162
712,8,50,30,1476090,33.471429,518.640429,557.48215
713,8,51,9,1500515,34.025283,519.194283,558.036
714,8,52,44,1532693,34.754943,519.923943,558.76565
715,8,53,44,1571656,35.638458,520.807458,559.6492
716,8,54,9,1590750,36.071429,521.240429,560.08215
717,8,55,8,1623171,36.806599,521.975599,560.81735
718,8,56,21,1650018,37.415374,522.584374,561.4261
719,8,57,39,1678320,38.057143,523.226143,562.06785
720,8,58,8,1710256,38.781315,523.950315,562.79205
721,8,59,9,1733954,39.318685,524.487685,563.32945
722,8,60,22,1761286,39.938458,525.107458,563.9492
723,8,61,30,1792495,40.646145,525.815145,564.6569
724,8,62,7,1810862,41.06263,526.23163,565.07335
725,8,63,8,1841829,41.76483,526.93383,565.77555
726,8,64,44,1878612,42.598912,527.767912,566.60965
727,8,65,39,1915152,43.427483,528.596483,567.43825
728,8,66,9,1934730,43.871429,529.040429,567.88215
729,8,67,21,1964001,44.53517,529.70417,568.54595
730,8,68,30,1991091,45.149456,530.318456,569.1602
731,8,69,44,2008731,45.549456,530.718456,569.5602
732,8,70,30,2035094,46.147256,531.316256,570.158
733,8,71,7,2074784,47.047256,532.216256,571.058
734,8,72,22,2093393,47.469229,532.638229,571.48
735,8,73,21,2116122,47.984626,533.153626,571.9954
736,8,74,44,2154358,48.851655,534.020655,572.8624
737,8,75,39,2179025,49.410998,534.579998,573.42175
738,8,76,7,2201511,49.920884,535.089884,573.93165
739,8,77,10,2240958,50.815374,535.984374,574.82615
740,8,78,22,2264172,51.341769,536.510769,575.35255
741,8,79,21,2293685,52.010998,537.179998,576.02175
742,8,80,43,2311809,52.421973,537.590973,576.43275
743,8,81,40,2348834,53.261542,538.430542,577.2723
744,8,82,8,2376651,53.892313,539.061313,577.9031
745,8,83,40,2414645,54.753855,539.922855,578.76465
746,9,1,8,74776,1.695601,547.141601,585.9854
747,9,2,9,109620,2.485714,547.931714,586.7755
748,9,3,9,143979,3.26483,548.71083,587.55465
749,9,4,43,168646,3.824172,549.270172,588.11395
750,9,5,43,186528,4.22966,549.67566,588.51945
751,9,6,8,216526,4.909887,550.355887,589.1997
752,9,7,9,250401,5.678027,551.124027,589.96785
753,9,8,9,283306,6.424172,551.870172,590.714
754,9,9,10,315969,7.16483,552.61083,591.45465
755,9,10,44,343302,7.784626,553.230626,592.07445
756,9,11,44,380326,8.624172,554.070172,592.914
757,9,12,39,420016,9.524172,554.970172,593.814
758,9,13,44,443229,10.050544,555.496544,594.34035
759,9,14,30,479285,10.868141,556.314141,595.15795
760,9,15,30,509040,11.542857,556.988857,595.8327
761,9,16,22,528618,11.986803,557.432803,596.27665
762,9,17,40,566370,12.842857,558.288857,597.1327
763,9,18,22,604848,13.715374,559.161374,598.0052
764,9,19,44,638965,14.489002,559.935002,598.77885
765,9,20,29,672355,15.246145,560.692145,599.536
766,9,21,43,694599,15.750544,561.196544,600.0404
767,9,22,8,731139,16.579116,562.025116,600.86895
768,9,23,39,761864,17.275828,562.721828,601.56565
769,9,24,29,786773,17.840658,563.286658,602.1305
770,9,25,43,814348,18.465941,563.911941,602.7558
771,9,26,39,837076,18.981315,564.427315,603.27115
772,9,27,21,862955,19.568141,565.014141,603.858
773,9,28,30,893437,20.259342,565.705342,604.5492
774,9,29,43,928523,21.054943,566.500943,605.3448
775,9,30,29,957067,21.7022,567.1482,605.99205
776,9,31,10,974707,22.1022,567.5482,606.39205
777,9,32,7,1004220,22.771429,568.217429,607.0613
778,9,33,7,1024283,23.226372,568.672372,607.51625
779,9,34,10,1052100,23.857143,569.303143,608.147
780,9,35,10,1081371,24.520884,569.966884,608.81075
781,9,36,21,1108461,25.13517,570.58117,609.42505
782,9,37,43,1132885,25.689002,571.135002,609.97885
783,9,38,7,1155856,26.209887,571.655887,610.49975
784,9,39,29,1191427,27.016485,572.462485,611.30635
785,9,40,30,1223848,27.751655,573.197655,612.04155
786,9,41,39,1255299,28.46483,573.91083,612.7547
787,9,42,43,1276332,28.941769,574.387769,613.23165
788,9,43,22,1314568,29.808798,575.254798,614.09865
789,9,44,40,1333419,30.236259,575.682259,614.52615
790,9,45,29,1365598,30.965941,576.411941,615.25585
791,9,46,7,1389295,31.503288,576.949288,615.79315
792,9,47,22,1407905,31.925283,577.371283,616.21515
793,9,48,21,1429664,32.418685,577.864685,616.70855
794,9,49,8,1452150,32.928571,578.374571,617.21845
795,9,50,21,1482390,33.614286,579.060286,617.90415
796,9,51,40,1507542,34.184626,579.630626,618.4745
797,9,52,29,1531482,34.727483,580.173483,619.01735
798,9,53,44,1553483,35.226372,580.672372,619.51625
799,9,54,30,1578877,35.8022,581.2482,620.0921
800,9,55,10,1607663,36.454943,581.900943,620.74485
801,9,56,9,1628938,36.93737,582.38337,621.22725
802,9,57,21,1650455,37.425283,582.871283,621.7152
803,9,58,9,1676575,38.017574,583.463574,622.30745
804,9,59,9,1696396,38.467029,583.913029,622.75695
805,9,60,22,1733905,39.317574,584.763574,623.60745
806,9,61,8,1762207,39.959342,585.405342,624.24925
807,9,62,7,1788570,40.557143,586.003143,624.84705
808,9,63,10,1819537,41.259342,586.705342,625.54925
809,9,64,8,1854865,42.060431,587.506431,626.35035
810,9,65,39,1888498,42.823084,588.269084,627.113
811,9,66,29,1911953,43.354943,588.800943,627.64485
812,9,67,39,1932501,43.820884,589.266884,628.1108
813,9,68,44,1964437,44.545057,589.991057,628.83495
814,9,69,21,1982804,44.961542,590.407542,629.25145
815,9,70,40,2015952,45.713197,591.159197,630.0031
816,9,71,7,2047645,46.431859,591.877859,630.7218
817,9,72,7,2067951,46.892313,592.338313,631.18225
818,9,73,30,2094798,47.501088,592.947088,631.791
819,9,74,22,2112923,47.912086,593.358086,632.202
820,9,75,10,2140982,48.548345,593.994345,632.83825
821,9,76,40,2167588,49.151655,594.597655,633.4416
822,9,77,39,2186924,49.590113,595.036113,633.88005
823,9,78,40,2224191,50.43517,595.88117,634.7251
824,9,79,22,2255400,51.142857,596.588857,635.4328
825,9,80,30,2290002,51.927483,597.373483,636.21745
826,9,81,21,2328722,52.805488,598.251488,637.09545
827,9,82,44,2367685,53.689002,599.135002,637.97895
828,9,83,40,2406891,54.578027,600.024027,638.86795
